"","X","Country","X2015","X2016","X2017","X2018","X2019","X2020","Function","Indicator"
"1",1,"Austria",100,100,100,100,100,100,"Source","state of forest reccources"
"2",2,"Austria",62.323,62.323,63.33,63.33,63.33,63.33,"Source","Proportion of fish stocks not overexploited"
"3",3,"Austria",100,100,100,100,100,100,"Source","Surfacewater Stress"
"4",4,"Austria",100,100,100,100,100,100,"Source","Groundwater stress"
"5",5,"Austria",95.84375,95.84375,95.84375,95.84375,95.84375,95.84375,"Source","area with tolerable erosion"
"6",6,"Austria",5,5,5,5,5,5,"Sink","CO2 emissions [tonnes per capita]"
"7",7,"Austria",100,100,100,100,100,100,"Sink","Consumption of HCFC in ODP per capita"
"8",8,"Austria",86.7,86.7,86.7,86.7,86.7,89.075,"Sink","Proportion of surface water in good chemical status"
"9",9,"Austria",94.87,94.87,94.87,94.87,94.87,96.39,"Sink","Proportion of ground water in good chemical status"
"10",10,"Austria",65.1834141666667,65.1748858333333,65.3454241666667,65.2900041666666,65.3604125,65.3836458333333,"Life support","Terrestrial habitats in favourable conservation status"
"11",11,"Austria",32.3283333333333,28.0533333333333,28.18,29.32,25.615,25.615,"Human health and welfare","Concentrations of PM2.5"
"12",12,"Austria",99.571778,99.7677915,99.9637955,100,100,100,"Human health and welfare","Drinking water contamination"
"13",13,"Austria",52.5,52.5,28.75,28.75,28.75,28.75,"Human health and welfare","status of world heritage sites"
"14",14,"Austria",63.4582606627015,62.7785268332329,60.0527536833526,60.2339748152437,59.6162264968634,59.8150111464065,"13","SESI"
"15",1,"Belgium",NA,NA,NA,NA,NA,NA,"Source","state of forest reccources"
"16",2,"Belgium",74.7965,74.7965,80.3445,80.3445,80.3445,80.3445,"Source","Proportion of fish stocks not overexploited"
"17",3,"Belgium",35.4886666666667,38.5793333333333,41.6826666666667,38.3006666666667,38.668,38.668,"Source","Surfacewater Stress"
"18",4,"Belgium",62,62,60.592594,62,59.185188,59.185188,"Source","Groundwater stress"
"19",5,"Belgium",100,100,100,100,100,100,"Source","area with tolerable erosion"
"20",6,"Belgium",5,5,5,5,5,5,"Sink","CO2 emissions [tonnes per capita]"
"21",7,"Belgium",100,100,100,100,100,100,"Sink","Consumption of HCFC in ODP per capita"
"22",8,"Belgium",54.4604091666667,54.2414633333333,53.9862225,53.719025,53.3478866666667,52.9080541666667,"Life support","Terrestrial habitats in favourable conservation status"
"23",9,"Belgium",73.2005,71.8515,72.564,72.602,72.906,73.153,"Life support","Aquatic habitats in favourable conservation status"
"24",10,"Belgium",31.22,28.3383333333333,28.2116666666667,27.6733333333333,24.8233333333333,24.8233333333333,"Human health and welfare","Concentrations of PM2.5"
"25",11,"Belgium",99.729744,99.776845,99.8239365,99.871028,99.9181195,99.9181195,"Human health and welfare","Drinking water contamination"
"26",12,"Belgium",52.5,52.5,28.75,28.75,28.75,28.75,"Human health and welfare","status of world heritage sites"
"27",13,"Belgium",50.4275283748344,50.2650604402899,48.1403999741409,47.7703207379405,47.1323850709655,47.1114090317246,"12","SESI"
"28",1,"Bulgaria",100,100,100,100,100,100,"Source","state of forest reccources"
"29",2,"Bulgaria",40.948,40.948,40.625,40.625,40.625,40.625,"Source","Proportion of fish stocks not overexploited"
"30",3,"Bulgaria",26.0393333333333,26.5966666666667,26.3053333333333,24.1266666666667,24.1013333333333,20.8586666666667,"Source","Surfacewater Stress"
"31",4,"Bulgaria",100,100,100,100,100,100,"Source","Groundwater stress"
"32",5,"Bulgaria",100,100,100,100,100,100,"Source","area with tolerable erosion"
"33",6,"Bulgaria",5,5,5,5,5,5,"Sink","CO2 emissions [tonnes per capita]"
"34",7,"Bulgaria",100,100,100,100,100,100,"Sink","Consumption of HCFC in ODP per capita"
"35",8,"Bulgaria",99.5725,99.5725,99.5725,99.5725,99.5725,99.525,"Sink","Proportion of surface water in good chemical status"
"36",9,"Bulgaria",31.695,31.695,31.695,31.695,31.695,29.32,"Sink","Proportion of ground water in good chemical status"
"37",10,"Bulgaria",64.2288358333333,64.2332275,64.2532025,64.2591525,64.3017375,64.2800908333333,"Life support","Terrestrial habitats in favourable conservation status"
"38",11,"Bulgaria",71.329,69.372,71.2245,71.462,69.03,68.137,"Life support","Aquatic habitats in favourable conservation status"
"39",12,"Bulgaria",53.7983333333333,51.3283333333333,53.45,53.7666666666667,43.9183333333333,43.9183333333333,"Human health and welfare","Concentrations of PM2.5"
"40",13,"Bulgaria",97.5555075,98.0462015,98.5371805,99.0284255,98.9940165,98.960282,"Human health and welfare","Drinking water contamination"
"41",14,"Bulgaria",44.5833365,44.5833365,36.6666635,36.6666635,36.6666635,36.6666635,"Human health and welfare","status of world heritage sites"
"42",15,"Bulgaria",54.0234471573399,53.8364033780263,53.2921096287995,53.0181625234792,52.125655270829,51.2522721657387,"14","SESI"
"43",1,"Croatia",NA,NA,NA,NA,NA,NA,"Source","state of forest reccources"
"44",2,"Croatia",40.948,40.948,40.625,40.625,40.625,40.625,"Source","Proportion of fish stocks not overexploited"
"45",3,"Croatia",100,100,100,100,100,100,"Source","Surfacewater Stress"
"46",4,"Croatia",100,100,100,100,100,100,"Source","Groundwater stress"
"47",5,"Croatia",100,100,100,100,100,100,"Source","area with tolerable erosion"
"48",6,"Croatia",5,5,5,5,5,5,"Sink","CO2 emissions [tonnes per capita]"
"49",7,"Croatia",100,100,100,100,100,100,"Sink","Consumption of HCFC in ODP per capita"
"50",8,"Croatia",NA,NA,NA,NA,NA,65.04,"Sink","Proportion of surface water in good chemical status"
"51",9,"Croatia",NA,NA,NA,NA,NA,91.45,"Sink","Proportion of ground water in good chemical status"
"52",10,"Croatia",77.4651633333333,77.3389808333333,77.20104,77.0678733333333,76.8547216666667,76.74578,"Life support","Terrestrial habitats in favourable conservation status"
"53",11,"Croatia",58.1145,56.623,56.87,58.01,59.15,58.371,"Life support","Aquatic habitats in favourable conservation status"
"54",12,"Croatia",48.225,45.3116666666667,46.8633333333333,49.27,37.585,37.585,"Human health and welfare","Concentrations of PM2.5"
"55",13,"Croatia",52.5,52.5,28.75,28.75,28.75,28.75,"Human health and welfare","status of world heritage sites"
"56",14,"Croatia",54.5509751630393,54.0625262808793,51.0474530379255,51.3967908442936,50.1076584532408,53.7756875605203,"13","SESI"
"57",1,"Cyprus",100,100,100,100,100,100,"Source","state of forest reccources"
"58",2,"Cyprus",40.948,40.948,40.625,40.625,40.625,40.625,"Source","Proportion of fish stocks not overexploited"
"59",3,"Cyprus",13.4993333333333,11.08,10.7253333333333,9.16733333333333,13.322,20.9473333333333,"Source","Surfacewater Stress"
"60",4,"Cyprus",19.674802,22.7642273333333,22.7642273333333,22.7642273333333,16.585364,22.7642273333333,"Source","Groundwater stress"
"61",5,"Cyprus",100,100,100,100,100,100,"Source","area with tolerable erosion"
"62",6,"Cyprus",5,5,5,5,5,5,"Sink","CO2 emissions [tonnes per capita]"
"63",7,"Cyprus",100,100,100,100,100,100,"Sink","Consumption of HCFC in ODP per capita"
"64",8,"Cyprus",97.2925,97.2925,97.2925,97.2925,97.2925,97.1975,"Sink","Proportion of surface water in good chemical status"
"65",9,"Cyprus",16.875,16.875,16.875,16.875,16.875,13.645,"Sink","Proportion of ground water in good chemical status"
"66",10,"Cyprus",NA,NA,NA,NA,NA,NA,"Life support","Terrestrial habitats in favourable conservation status"
"67",11,"Cyprus",69.448,67.719,67.5955,67.4815,68.6215,66.598,"Life support","Aquatic habitats in favourable conservation status"
"68",12,"Cyprus",37.0783333333333,32.455,35.4,37.87,35.1466666666667,35.1466666666667,"Human health and welfare","Concentrations of PM2.5"
"69",13,"Cyprus",99.20732,99.486525,99.7656635,99.776921,99.7769305,99.7769115,"Human health and welfare","Drinking water contamination"
"70",14,"Cyprus",41.0367240030803,40.3341501569817,40.4937221057574,40.1875054552396,40.1849057482932,41.9851544101137,"13","SESI"
"71",1,"Czechia",NA,NA,NA,NA,NA,NA,"Source","state of forest reccources"
"72",2,"Czechia",100,100,100,100,100,100,"Source","Surfacewater Stress"
"73",3,"Czechia",6.10723133333333,5.22145133333333,6.10723133333333,6.10723133333333,5.22145133333333,5.22145133333333,"Source","Groundwater stress"
"74",4,"Czechia",100,100,100,100,100,100,"Source","area with tolerable erosion"
"75",5,"Czechia",5,5,5,5,5,5,"Sink","CO2 emissions [tonnes per capita]"
"76",6,"Czechia",100,100,100,100,100,100,"Sink","Consumption of HCFC in ODP per capita"
"77",7,"Czechia",52.5,52.5,52.5,52.5,52.5,98.8125,"Sink","Proportion of surface water in good chemical status"
"78",8,"Czechia",43.95,43.95,43.95,43.95,43.95,41.005,"Sink","Proportion of ground water in good chemical status"
"79",9,"Czechia",49.6720616666667,49.5667608333333,49.5564191666667,49.4936608333333,49.4644775,49.1967275,"Life support","Terrestrial habitats in favourable conservation status"
"80",10,"Czechia",44.6466666666667,41.7966666666667,42.9683333333333,44.5833333333333,34.5766666666667,34.5766666666667,"Human health and welfare","Concentrations of PM2.5"
"81",11,"Czechia",99.5419765,99.543088,99.544342,99.5457385,99.547268,99.54894,"Human health and welfare","Drinking water contamination"
"82",12,"Czechia",41.6086863208696,40.68387129528,41.4400009251362,41.5879711919613,39.9115442399086,42.2004023884761,"11","SESI"
"83",1,"Denmark",100,100,100,100,100,100,"Source","state of forest reccources"
"84",2,"Denmark",74.7965,74.7965,80.3445,80.3445,80.3445,80.3445,"Source","Proportion of fish stocks not overexploited"
"85",3,"Denmark",100,100,100,11.2066666666667,5.722,6.77333333333333,"Source","Surfacewater Stress"
"86",4,"Denmark",100,100,100,100,100,100,"Source","Groundwater stress"
"87",5,"Denmark",100,100,100,100,100,100,"Source","area with tolerable erosion"
"88",6,"Denmark",5,5,5,5,5,5,"Sink","CO2 emissions [tonnes per capita]"
"89",7,"Denmark",100,100,100,100,100,100,"Sink","Consumption of HCFC in ODP per capita"
"90",8,"Denmark",NA,NA,NA,NA,NA,48.7,"Sink","Proportion of surface water in good chemical status"
"91",9,"Denmark",NA,NA,NA,NA,NA,76.25,"Sink","Proportion of ground water in good chemical status"
"92",10,"Denmark",26.0542308333333,25.7149958333333,25.4711875,25.1885058333333,25.0380275,24.81214,"Life support","Terrestrial habitats in favourable conservation status"
"93",11,"Denmark",73.438,72.146,71.785,71.2625,70.8825,72.412,"Life support","Aquatic habitats in favourable conservation status"
"94",12,"Denmark",23.145,20.1366666666667,20.7383333333333,20.8966666666667,19.7566666666667,19.7566666666667,"Human health and welfare","Concentrations of PM2.5"
"95",13,"Denmark",98.937653,99.33215,99.7266565,100,100,100,"Human health and welfare","Drinking water contamination"
"96",14,"Denmark",68.3333365,68.3333365,68.3333365,68.3333365,68.3333365,68.3333365,"Human health and welfare","status of world heritage sites"
"97",15,"Denmark",56.7664605190892,55.9860726380936,56.4094976962446,46.9729651885801,44.1651748334426,46.84525481957,"14","SESI"
"98",1,"Estonia",NA,NA,NA,NA,NA,NA,"Source","state of forest reccources"
"99",2,"Estonia",74.7965,74.7965,80.3445,80.3445,80.3445,80.3445,"Source","Proportion of fish stocks not overexploited"
"100",3,"Estonia",100,100,100,100,100,100,"Source","Surfacewater Stress"
"101",4,"Estonia",100,100,100,100,100,100,"Source","Groundwater stress"
"102",5,"Estonia",100,100,100,100,100,100,"Source","area with tolerable erosion"
"103",6,"Estonia",5,5,5,5,5,5,"Sink","CO2 emissions [tonnes per capita]"
"104",7,"Estonia",100,100,100,100,100,100,"Sink","Consumption of HCFC in ODP per capita"
"105",8,"Estonia",100,100,100,100,100,66.94,"Sink","Proportion of surface water in good chemical status"
"106",9,"Estonia",NA,NA,NA,NA,NA,100,"Sink","Proportion of ground water in good chemical status"
"107",10,"Estonia",86.20237,86.196675,86.2023558333333,86.1956125,86.2323466666667,86.1118025,"Life support","Terrestrial habitats in favourable conservation status"
"108",11,"Estonia",78.8055,76.6965,74.9295,74.749,76.0125,77.0005,"Life support","Aquatic habitats in favourable conservation status"
"109",12,"Estonia",10.5416666666667,8.8,7.85,10.3833333333333,9.275,9.275,"Human health and welfare","Concentrations of PM2.5"
"110",13,"Estonia",96.2774535,96.0490925,96.034244,96.0193955,96.004528,95.9730165,"Human health and welfare","Drinking water contamination"
"111",14,"Estonia",58.1659963632432,57.0653014961671,56.7235081055017,58.1702772080982,57.6656247031393,58.441218552752,"13","SESI"
"112",1,"Finland",100,100,100,100,100,100,"Source","state of forest reccources"
"113",2,"Finland",74.7965,74.7965,80.3445,80.3445,80.3445,80.3445,"Source","Proportion of fish stocks not overexploited"
"114",3,"Finland",100,100,100,100,100,100,"Source","Surfacewater Stress"
"115",4,"Finland",100,100,100,100,100,100,"Source","Groundwater stress"
"116",5,"Finland",100,100,100,100,100,100,"Source","area with tolerable erosion"
"117",6,"Finland",5,5,5,5,5,5,"Sink","CO2 emissions [tonnes per capita]"
"118",7,"Finland",100,100,100,100,100,100,"Sink","Consumption of HCFC in ODP per capita"
"119",8,"Finland",100,100,100,100,100,100,"Sink","Proportion of surface water in good chemical status"
"120",9,"Finland",86.32,86.32,86.32,86.32,86.32,87.555,"Sink","Proportion of ground water in good chemical status"
"121",10,"Finland",100,100,100,100,100,100,"Life support","Terrestrial habitats in favourable conservation status"
"122",11,"Finland",76.0885,73.5615,72.6115,73.096,75.072,75.9935,"Life support","Aquatic habitats in favourable conservation status"
"123",12,"Finland",7.62833333333333,6.235,6.17166666666667,6.805,6.48833333333333,6.48833333333333,"Human health and welfare","Concentrations of PM2.5"
"124",13,"Finland",100,100,100,100,100,100,"Human health and welfare","Drinking water contamination"
"125",14,"Finland",76.25,76.25,76.25,76.25,76.25,76.25,"Human health and welfare","status of world heritage sites"
"126",15,"Finland",62.6299740516358,61.5854087405049,61.7984413829758,62.2607326608648,62.1675095444444,62.2848770158817,"14","SESI"
"127",1,"France",100,100,100,100,100,100,"Source","state of forest reccources"
"128",2,"France",57.87225,57.87225,60.48475,60.48475,60.48475,60.48475,"Source","Proportion of fish stocks not overexploited"
"129",3,"France",100,100,100,100,100,100,"Source","Surfacewater Stress"
"130",4,"France",100,100,100,100,100,100,"Source","Groundwater stress"
"131",5,"France",100,100,100,100,100,100,"Source","area with tolerable erosion"
"132",6,"France",5,5,5,5,5,7.48029324999999,"Sink","CO2 emissions [tonnes per capita]"
"133",7,"France",100,100,100,100,100,100,"Sink","Consumption of HCFC in ODP per capita"
"134",8,"France",98.6225,98.6225,98.6225,98.6225,98.6225,96.4375,"Sink","Proportion of surface water in good chemical status"
"135",9,"France",44.045,44.045,44.045,44.045,44.045,42.43,"Sink","Proportion of ground water in good chemical status"
"136",10,"France",50.8471725,50.8231741666667,50.8363633333333,50.7830966666667,50.751335,50.6368825,"Life support","Terrestrial habitats in favourable conservation status"
"137",11,"France",72.7255,71.462,75.87,76.0695,76.2215,75.946,"Life support","Aquatic habitats in favourable conservation status"
"138",12,"France",27.8316666666667,24.76,24.9183333333333,24.7283333333333,22.29,22.29,"Human health and welfare","Concentrations of PM2.5"
"139",13,"France",98.771916,98.94341,99.1148945,99.2863885,99.2863885,99.2863885,"Human health and welfare","Drinking water contamination"
"140",14,"France",52.5,52.5,46.5625,46.5625,46.5625,52.5,"Human health and welfare","status of world heritage sites"
"141",15,"France",59.337393497434,58.775481735056,58.7434016226689,58.7251617930077,58.2970255273773,60.2323215795493,"14","SESI"
"142",1,"Germany",100,100,100,100,100,100,"Source","state of forest reccources"
"143",2,"Germany",74.7965,74.7965,80.3445,80.3445,80.3445,80.3445,"Source","Proportion of fish stocks not overexploited"
"144",3,"Germany",16.286,15.7666666666667,15.7666666666667,15.7666666666667,15.7666666666667,15.7666666666667,"Source","Surfacewater Stress"
"145",4,"Germany",100,100,100,100,100,100,"Source","Groundwater stress"
"146",5,"Germany",100,100,100,100,100,100,"Source","area with tolerable erosion"
"147",6,"Germany",5,5,5,5,5,5,"Sink","CO2 emissions [tonnes per capita]"
"148",7,"Germany",100,100,100,100,100,100,"Sink","Consumption of HCFC in ODP per capita"
"149",8,"Germany",56.0625,56.0625,56.0625,56.0625,56.0625,NA,"Sink","Proportion of surface water in good chemical status"
"150",9,"Germany",59.6699175,59.4905391666667,59.2536441666667,59.0237333333333,58.8790066666667,58.5492066666667,"Life support","Terrestrial habitats in favourable conservation status"
"151",10,"Germany",72.4595,70.6925,70.8825,70.588,73.7135,73.457,"Life support","Aquatic habitats in favourable conservation status"
"152",11,"Germany",29.1933333333333,26.09,26.47,26.2166666666667,23.145,23.145,"Human health and welfare","Concentrations of PM2.5"
"153",12,"Germany",99.961221,99.971937,99.982653,99.993369,99.9933785,99.9933785,"Human health and welfare","Drinking water contamination"
"154",13,"Germany",68.3333365,68.3333365,60.4166635,60.4166635,60.4166635,60.4166635,"Human health and welfare","status of world heritage sites"
"155",14,"Germany",53.5031995819953,52.7983979436685,52.6429974901892,52.5719346039406,52.2343559535638,51.8880222468361,"13","SESI"
"156",1,"Greece",100,100,100,100,100,100,"Source","state of forest reccources"
"157",2,"Greece",40.948,40.948,40.625,40.625,40.625,40.625,"Source","Proportion of fish stocks not overexploited"
"158",3,"Greece",100,100,100,100,100,100,"Source","Surfacewater Stress"
"159",4,"Greece",42.3236253333333,49.948224,49.948224,49.948224,49.948224,49.8252433333333,"Source","Groundwater stress"
"160",5,"Greece",76.13125,76.13125,76.13125,76.13125,76.13125,76.13125,"Source","area with tolerable erosion"
"161",6,"Greece",5,5,5,5,5,5,"Sink","CO2 emissions [tonnes per capita]"
"162",7,"Greece",100,100,100,100,100,100,"Sink","Consumption of HCFC in ODP per capita"
"163",8,"Greece",97.435,97.435,97.435,97.435,97.435,98.3375,"Sink","Proportion of surface water in good chemical status"
"164",9,"Greece",5,5,5,5,5,5,"Sink","Proportion of ground water in good chemical status"
"165",10,"Greece",55.69468,55.5590483333333,55.4078616666667,55.2694675,55.1372216666667,55.0008533333333,"Life support","Terrestrial habitats in favourable conservation status"
"166",11,"Greece",65.7145,63.3395,62.9975,62.6935,62.38,62.0665,"Life support","Aquatic habitats in favourable conservation status"
"167",12,"Greece",41.2583333333333,37.205,37.3,38.8516666666667,35.4633333333333,35.4633333333333,"Human health and welfare","Concentrations of PM2.5"
"168",13,"Greece",99.884385,99.945071,100,100,100,100,"Human health and welfare","Drinking water contamination"
"169",14,"Greece",64.375,64.375,52.5,52.5,52.5,52.5,"Human health and welfare","status of world heritage sites"
"170",15,"Greece",47.6606147544058,47.7409913747648,47.0071448057297,47.1194900023601,46.7885983284046,46.7860588262291,"14","SESI"
"171",1,"Hungary",100,100,100,100,100,100,"Source","state of forest reccources"
"172",2,"Hungary",100,100,100,100,100,100,"Source","Surfacewater Stress"
"173",3,"Hungary",100,100,100,100,100,100,"Source","Groundwater stress"
"174",4,"Hungary",100,100,100,100,100,100,"Source","area with tolerable erosion"
"175",5,"Hungary",5,5,5,5,5,5,"Sink","CO2 emissions [tonnes per capita]"
"176",6,"Hungary",100,100,100,100,100,100,"Sink","Consumption of HCFC in ODP per capita"
"177",7,"Hungary",50.315,50.315,50.315,50.315,50.315,49.9825,"Sink","Proportion of surface water in good chemical status"
"178",8,"Hungary",82.9,82.9,82.9,82.9,82.9,79.48,"Sink","Proportion of ground water in good chemical status"
"179",9,"Hungary",48.539295,48.4907175,48.2317933333333,48.1773366666667,48.04876,47.9027441666667,"Life support","Terrestrial habitats in favourable conservation status"
"180",10,"Hungary",43.5066666666667,40.4033333333333,41.7966666666667,43.7916666666667,34.26,34.26,"Human health and welfare","Concentrations of PM2.5"
"181",11,"Hungary",92.865842,92.879294,92.917389,92.9310785,92.9449675,92.9590845,"Human health and welfare","Drinking water contamination"
"182",12,"Hungary",76.25,76.25,76.25,76.25,76.25,76.25,"Human health and welfare","status of world heritage sites"
"183",13,"Hungary",61.8249719426278,61.4404961871322,61.5889537125012,61.8236665876305,60.5591503797218,60.2990457842151,"12","SESI"
"184",1,"Ireland",100,100,100,100,100,100,"Source","state of forest reccources"
"185",2,"Ireland",74.7965,74.7965,80.3445,80.3445,80.3445,80.3445,"Source","Proportion of fish stocks not overexploited"
"186",3,"Ireland",100,100,100,100,100,100,"Source","Surfacewater Stress"
"187",4,"Ireland",100,100,100,100,100,100,"Source","Groundwater stress"
"188",5,"Ireland",100,100,100,100,100,100,"Source","area with tolerable erosion"
"189",6,"Ireland",5,5,5,5,5,5,"Sink","CO2 emissions [tonnes per capita]"
"190",7,"Ireland",100,100,100,100,100,100,"Sink","Consumption of HCFC in ODP per capita"
"191",8,"Ireland",53.6875,53.6875,53.6875,53.6875,53.6875,54.2575,"Sink","Proportion of surface water in good chemical status"
"192",9,"Ireland",91.83,91.83,91.83,91.83,91.83,92.59,"Sink","Proportion of ground water in good chemical status"
"193",10,"Ireland",19.0794425,19.1737925,19.2689358333333,19.2411408333333,19.3386641666667,19.256625,"Life support","Terrestrial habitats in favourable conservation status"
"194",11,"Ireland",67.6905,65.9045,69.448,69.1725,65.8285,68.916,"Life support","Aquatic habitats in favourable conservation status"
"195",12,"Ireland",18.1733333333333,14.7533333333333,14.9116666666667,15.4816666666667,15.1333333333333,15.1333333333333,"Human health and welfare","Concentrations of PM2.5"
"196",13,"Ireland",96.9305215,97.1376975,97.3446455,97.5350255,97.5324415,97.5297245,"Human health and welfare","Drinking water contamination"
"197",14,"Ireland",54.9803508540859,54.0238327479367,54.6158170014103,54.7590476826102,54.4763888641829,54.7299129981493,"13","SESI"
"198",1,"Italy",100,100,100,100,100,100,"Source","state of forest reccources"
"199",2,"Italy",40.948,40.948,40.625,40.625,40.625,40.625,"Source","Proportion of fish stocks not overexploited"
"200",3,"Italy",11.232,11.1306666666667,11.0293333333333,10.928,11.1053333333333,10.89,"Source","Surfacewater Stress"
"201",4,"Italy",NA,NA,NA,NA,NA,NA,"Source","Groundwater stress"
"202",5,"Italy",75.89375,75.89375,75.89375,75.89375,75.89375,75.89375,"Source","area with tolerable erosion"
"203",6,"Italy",5,5,5,5,5,5,"Sink","CO2 emissions [tonnes per capita]"
"204",7,"Italy",100,100,100,100,100,100,"Sink","Consumption of HCFC in ODP per capita"
"205",8,"Italy",55.7761383333333,55.840965,55.965235,56.0520908333333,56.0847875,56.1823816666667,"Life support","Terrestrial habitats in favourable conservation status"
"206",9,"Italy",67.928,65.477,67.339,67.0445,66.75,66.465,"Life support","Aquatic habitats in favourable conservation status"
"207",10,"Italy",43.8866666666667,39.2633333333333,38.9783333333333,39.7383333333333,34.1966666666667,34.1966666666667,"Human health and welfare","Concentrations of PM2.5"
"208",11,"Italy",96.0325055,96.0325055,96.0325055,96.0325055,96.0325055,96.0325055,"Human health and welfare","Drinking water contamination"
"209",12,"Italy",62,62,57.25,57.25,57.25,57.25,"Human health and welfare","status of world heritage sites"
"210",13,"Italy",45.4940977620227,44.8535843131272,44.5536918403537,44.5830585301878,44.0275975137594,43.9391480431303,"12","SESI"
"211",1,"Latvia",NA,NA,NA,NA,NA,NA,"Source","state of forest reccources"
"212",2,"Latvia",74.7965,74.7965,80.3445,80.3445,80.3445,80.3445,"Source","Proportion of fish stocks not overexploited"
"213",3,"Latvia",100,100,100,100,100,100,"Source","Surfacewater Stress"
"214",4,"Latvia",100,100,100,100,100,100,"Source","Groundwater stress"
"215",5,"Latvia",100,100,100,100,100,100,"Source","area with tolerable erosion"
"216",6,"Latvia",5,5,5,5,5,5,"Sink","CO2 emissions [tonnes per capita]"
"217",7,"Latvia",100,100,100,100,100,100,"Sink","Consumption of HCFC in ODP per capita"
"218",8,"Latvia",65.3725,65.3725,65.3725,65.3725,65.3725,66.6075,"Sink","Proportion of surface water in good chemical status"
"219",9,"Latvia",100,100,100,100,100,100,"Sink","Proportion of ground water in good chemical status"
"220",10,"Latvia",84.0545475,84.003675,83.9687683333333,83.9042391666667,83.867845,83.8321308333333,"Life support","Terrestrial habitats in favourable conservation status"
"221",11,"Latvia",74.445,73.1245,72.925,72.0415,73.267,73.191,"Life support","Aquatic habitats in favourable conservation status"
"222",12,"Latvia",31.6,27.6416666666667,25.4566666666667,29.8266666666667,27.23,27.23,"Human health and welfare","Concentrations of PM2.5"
"223",13,"Latvia",98.949053,99.075327,99.201772,99.3283595,99.442046,99.491655,"Human health and welfare","Drinking water contamination"
"224",14,"Latvia",64.068588183157,63.267126390477,63.2003819701573,63.9779750705336,63.5872782843079,63.6814066243683,"13","SESI"
"225",1,"Lithuania",NA,NA,NA,NA,NA,NA,"Source","state of forest reccources"
"226",2,"Lithuania",74.7965,74.7965,80.3445,80.3445,80.3445,80.3445,"Source","Proportion of fish stocks not overexploited"
"227",3,"Lithuania",100,100,100,100,100,100,"Source","Surfacewater Stress"
"228",4,"Lithuania",100,100,100,100,100,100,"Source","Groundwater stress"
"229",5,"Lithuania",100,100,100,100,100,100,"Source","area with tolerable erosion"
"230",6,"Lithuania",5,5,5,5,5,5,"Sink","CO2 emissions [tonnes per capita]"
"231",7,"Lithuania",100,100,100,100,100,100,"Sink","Consumption of HCFC in ODP per capita"
"232",8,"Lithuania",99.6675,99.6675,99.6675,99.6675,99.6675,98.9075,"Sink","Proportion of surface water in good chemical status"
"233",9,"Lithuania",56.4477091666667,56.2483841666667,56.0795741666667,55.8571008333333,55.6684008333333,55.5879341666667,"Life support","Terrestrial habitats in favourable conservation status"
"234",10,"Lithuania",73.0105,71.253,71.025,70.759,72.2885,72.1555,"Life support","Aquatic habitats in favourable conservation status"
"235",11,"Lithuania",25.3933333333333,21.7833333333333,20.5483333333333,24.38,22.005,22.005,"Human health and welfare","Concentrations of PM2.5"
"236",12,"Lithuania",93.9779595,96.1024255,97.6649665,98.0910035,98.1013965,98.1126825,"Human health and welfare","Drinking water contamination"
"237",13,"Lithuania",60.0567766931926,59.1955137711638,59.3199815339107,60.2307713785138,59.7704808004866,59.7116760724185,"12","SESI"
"238",1,"Luxembourg",NA,NA,NA,NA,NA,NA,"Source","state of forest reccources"
"239",2,"Luxembourg",100,100,100,100,100,100,"Source","Surfacewater Stress"
"240",3,"Luxembourg",20.8333333333333,100,100,20.8333333333333,100,100,"Source","Groundwater stress"
"241",4,"Luxembourg",100,100,100,100,100,100,"Source","area with tolerable erosion"
"242",5,"Luxembourg",5,5,5,5,5,5,"Sink","CO2 emissions [tonnes per capita]"
"243",6,"Luxembourg",100,100,100,100,100,100,"Sink","Consumption of HCFC in ODP per capita"
"244",7,"Luxembourg",37.3119425,37.0185083333333,36.8775925,36.706955,36.5448741666667,36.1782975,"Life support","Terrestrial habitats in favourable conservation status"
"245",8,"Luxembourg",22.2583333333333,20.0416666666667,20.3266666666667,19.915,17.3183333333333,17.3183333333333,"Human health and welfare","Concentrations of PM2.5"
"246",9,"Luxembourg",99.7004555,99.682358,99.6652865,99.6491555,99.651768,99.654257,"Human health and welfare","Drinking water contamination"
"247",10,"Luxembourg",41.3971841582317,49.6583896687639,49.7213407813481,40.7395645290105,48.6797621096363,48.6186068360981,"9","SESI"
"248",1,"Malta",100,100,100,100,100,100,"Source","state of forest reccources"
"249",2,"Malta",40.948,40.948,40.625,40.625,40.625,40.625,"Source","Proportion of fish stocks not overexploited"
"250",3,"Malta",78.1753333333333,78.4286666666667,88.714,80.5186666666667,75.9333333333333,77.0226666666667,"Source","Surfacewater Stress"
"251",4,"Malta",74.6666666666667,74.6666666666667,74.6666666666667,74.6666666666667,74.6666666666667,74.6666666666667,"Source","Groundwater stress"
"252",5,"Malta",53.6875,53.6875,53.6875,53.6875,53.6875,53.6875,"Source","area with tolerable erosion"
"253",6,"Malta",32.328357875,50.429285,44.049600375,46.36331825,45.474172875,52.126609625,"Sink","CO2 emissions [tonnes per capita]"
"254",7,"Malta",100,100,100,100,100,100,"Sink","Consumption of HCFC in ODP per capita"
"255",8,"Malta",59.1015225,59.0876958333333,59.0758241666667,59.0606658333333,59.0438783333333,59.1406508333333,"Life support","Terrestrial habitats in favourable conservation status"
"256",9,"Malta",69.2105,66.75,66.674,66.3415,66.028,66.579,"Life support","Aquatic habitats in favourable conservation status"
"257",10,"Malta",33.025,31.1883333333333,29.0666666666667,32.835,30.1116666666667,30.1116666666667,"Human health and welfare","Concentrations of PM2.5"
"258",11,"Malta",100,100,100,100,100,100,"Human health and welfare","Drinking water contamination"
"259",12,"Malta",62.4191912175184,64.4618548066051,63.9264837127815,64.3399114953988,63.3555113512701,64.2880059761263,"11","SESI"
"260",1,"Netherlands",100,100,100,100,100,100,"Source","state of forest reccources"
"261",2,"Netherlands",68.55975,68.55975,71.83725,71.83725,71.83725,71.83725,"Source","Proportion of fish stocks not overexploited"
"262",3,"Netherlands",100,100,100,100,100,100,"Source","Surfacewater Stress"
"263",4,"Netherlands",100,100,100,6.829624,5.422218,6.26666666666667,"Source","Groundwater stress"
"264",5,"Netherlands",100,100,100,100,100,100,"Source","area with tolerable erosion"
"265",6,"Netherlands",5,5,5,5,5,5,"Sink","CO2 emissions [tonnes per capita]"
"266",7,"Netherlands",100,100,100,100,100,100,"Sink","Consumption of HCFC in ODP per capita"
"267",8,"Netherlands",99.525,99.525,99.525,99.525,99.525,99.525,"Sink","Proportion of surface water in good chemical status"
"268",9,"Netherlands",64.375,64.375,64.375,64.375,64.375,64.375,"Sink","Proportion of ground water in good chemical status"
"269",10,"Netherlands",48.88482,48.8718716666667,48.8546591666667,48.8240875,48.7425725,48.7116041666667,"Life support","Terrestrial habitats in favourable conservation status"
"270",11,"Netherlands",68.688,68.004,68.6025,67.2535,66.1895,68.3175,"Life support","Aquatic habitats in favourable conservation status"
"271",12,"Netherlands",29.035,25.9,25.995,25.5516666666667,23.1766666666667,23.1766666666667,"Human health and welfare","Concentrations of PM2.5"
"272",13,"Netherlands",99.9785205,99.9775705,99.97663,99.9756895,99.9747395,99.973799,"Human health and welfare","Drinking water contamination"
"273",14,"Netherlands",76.25,76.25,76.25,76.25,76.25,76.25,"Human health and welfare","status of world heritage sites"
"274",15,"Netherlands",63.228828908365,62.6688512927501,62.9324321234431,51.8140745704122,50.5494056989597,51.1879400892147,"14","SESI"
"275",1,"Poland",15.0553985,100,100,100,100,100,"Source","state of forest reccources"
"276",2,"Poland",74.7965,74.7965,80.3445,80.3445,80.3445,80.3445,"Source","Proportion of fish stocks not overexploited"
"277",3,"Poland",19.136,18.4393333333333,17.5273333333333,15.412,12.7266666666667,11.3333333333333,"Source","Surfacewater Stress"
"278",4,"Poland",100,100,100,100,100,100,"Source","Groundwater stress"
"279",5,"Poland",100,100,100,100,100,100,"Source","area with tolerable erosion"
"280",6,"Poland",5,5,5,5,5,5,"Sink","CO2 emissions [tonnes per capita]"
"281",7,"Poland",100,100,100,100,100,100,"Sink","Consumption of HCFC in ODP per capita"
"282",8,"Poland",37.8225,37.8225,37.8225,37.8225,37.8225,98.67,"Sink","Proportion of surface water in good chemical status"
"283",9,"Poland",86.415,86.415,86.415,86.415,86.415,60.86,"Sink","Proportion of ground water in good chemical status"
"284",10,"Poland",65.8439775,65.7894216666667,65.8495166666667,65.8850041666667,65.8971025,65.83025,"Life support","Terrestrial habitats in favourable conservation status"
"285",11,"Poland",67.3485,66.123,66.161,66.123,67.13,67.035,"Life support","Aquatic habitats in favourable conservation status"
"286",12,"Poland",60.7016666666667,56.7433333333333,58.7066666666667,60.4483333333333,48.795,48.795,"Human health and welfare","Concentrations of PM2.5"
"287",13,"Poland",99.2704665,99.454377,99.639038,99.8241835,99.9682605,99.9682605,"Human health and welfare","Drinking water contamination"
"288",14,"Poland",52.5,52.5,28.75,28.75,28.75,28.75,"Human health and welfare","status of world heritage sites"
"289",15,"Poland",49.2505730351859,55.8942745035048,53.7640778511937,53.3907262406066,51.9281376664441,53.7774539608173,"14","SESI"
"290",1,"Portugal",97.890886,97.890886,97.890886,97.890886,97.890886,97.890886,"Source","state of forest reccources"
"291",2,"Portugal",67.03975,67.03975,69.81375,69.81375,69.81375,69.81375,"Source","Proportion of fish stocks not overexploited"
"292",3,"Portugal",100,100,100,100,100,100,"Source","Surfacewater Stress"
"293",4,"Portugal",68.65,61.3666666666667,34.45,34.1333333333333,34.1333333333333,34.1333333333333,"Source","Groundwater stress"
"294",5,"Portugal",100,100,100,100,100,100,"Source","area with tolerable erosion"
"295",6,"Portugal",5,5,5,5,5,16.03139525,"Sink","CO2 emissions [tonnes per capita]"
"296",7,"Portugal",100,100,100,100,100,100,"Sink","Consumption of HCFC in ODP per capita"
"297",8,"Portugal",71.4961658333333,71.4610608333333,71.4000733333333,71.3513258333333,71.2728566666667,71.2084975,"Life support","Terrestrial habitats in favourable conservation status"
"298",9,"Portugal",74.996,73.267,73.6185,73.514,74.255,73.9225,"Life support","Aquatic habitats in favourable conservation status"
"299",10,"Portugal",16.6533333333333,15.83,17.7933333333333,14.1833333333333,12.41,12.41,"Human health and welfare","Concentrations of PM2.5"
"300",11,"Portugal",98.445249,98.45473,98.464116,98.4733785,98.482546,98.49159,"Human health and welfare","Drinking water contamination"
"301",12,"Portugal",52.5,52.5,28.75,28.75,28.75,52.5,"Human health and welfare","status of world heritage sites"
"302",13,"Portugal",56.416365857665,55.5459827082349,51.0279869401478,50.0259009876041,49.5093880325893,57.3397765136223,"12","SESI"
"303",1,"Romania",100,100,100,100,100,100,"Source","state of forest reccources"
"304",2,"Romania",40.948,40.948,40.625,40.625,40.625,40.625,"Source","Proportion of fish stocks not overexploited"
"305",3,"Romania",100,100,100,100,100,100,"Source","Surfacewater Stress"
"306",4,"Romania",100,100,100,100,100,100,"Source","Groundwater stress"
"307",5,"Romania",100,100,100,100,100,100,"Source","area with tolerable erosion"
"308",6,"Romania",7.902147875,8.347199125,5,5,5,11.277977625,"Sink","CO2 emissions [tonnes per capita]"
"309",7,"Romania",100,100,100,100,100,100,"Sink","Consumption of HCFC in ODP per capita"
"310",8,"Romania",62,62,62,62,62,80.9525,"Sink","Proportion of surface water in good chemical status"
"311",9,"Romania",84.515,84.515,84.515,84.515,84.515,47.18,"Sink","Proportion of ground water in good chemical status"
"312",10,"Romania",49.1306683333333,49.1311358333333,49.0765658333333,49.0273225,48.9902766666667,48.9214125,"Life support","Terrestrial habitats in favourable conservation status"
"313",11,"Romania",74.749,72.9725,72.716,73.7705,73.837,72.222,"Life support","Aquatic habitats in favourable conservation status"
"314",12,"Romania",37.965,36.1916666666667,37.68,38.5666666666667,31.2833333333333,31.2833333333333,"Human health and welfare","Concentrations of PM2.5"
"315",13,"Romania",97.518201,97.518638,97.519835,97.521887,97.5247465,97.528404,"Human health and welfare","Drinking water contamination"
"316",14,"Romania",52.5,52.5,40.625,40.625,40.625,40.625,"Human health and welfare","status of world heritage sites"
"317",15,"Romania",61.8920666116014,61.8165887464362,58.6291487020541,58.7829312473281,57.9113726455943,59.9043674835241,"14","SESI"
"318",1,"Slovakia",NA,NA,NA,NA,NA,NA,"Source","state of forest reccources"
"319",2,"Slovakia",100,100,100,100,100,100,"Source","Surfacewater Stress"
"320",3,"Slovakia",100,100,100,100,100,100,"Source","Groundwater stress"
"321",4,"Slovakia",100,100,100,100,100,100,"Source","area with tolerable erosion"
"322",5,"Slovakia",5,5,5,5,5,5,"Sink","CO2 emissions [tonnes per capita]"
"323",6,"Slovakia",100,100,100,100,100,100,"Sink","Consumption of HCFC in ODP per capita"
"324",7,"Slovakia",51.74,51.74,51.74,51.74,51.74,52.5,"Sink","Proportion of surface water in good chemical status"
"325",8,"Slovakia",51.835,51.835,51.835,51.835,51.835,49.935,"Sink","Proportion of ground water in good chemical status"
"326",9,"Slovakia",58.7737908333333,58.8543141666667,58.9198066666667,58.9913625,58.9526591666667,58.933095,"Life support","Terrestrial habitats in favourable conservation status"
"327",10,"Slovakia",49.4916666666667,46.1033333333333,47.7183333333333,49.5866666666667,39.485,39.485,"Human health and welfare","Concentrations of PM2.5"
"328",11,"Slovakia",99.030734,99.079754,99.128774,99.1778035,99.2268235,99.275853,"Human health and welfare","Drinking water contamination"
"329",12,"Slovakia",64.375,64.375,52.5,52.5,52.5,52.5,"Human health and welfare","status of world heritage sites"
"330",13,"Slovakia",57.9746871856072,57.6118776050445,56.7393171106956,56.9466103342547,55.778597196351,55.6641183742013,"12","SESI"
"331",1,"Slovenia",NA,NA,NA,NA,NA,NA,"Source","state of forest reccources"
"332",2,"Slovenia",40.948,40.948,40.625,40.625,40.625,40.625,"Source","Proportion of fish stocks not overexploited"
"333",3,"Slovenia",100,100,100,100,100,100,"Source","Surfacewater Stress"
"334",4,"Slovenia",100,100,100,100,100,100,"Source","Groundwater stress"
"335",5,"Slovenia",98.93125,98.93125,98.93125,98.93125,98.93125,98.93125,"Source","area with tolerable erosion"
"336",6,"Slovenia",5,5,5,5,5,5,"Sink","CO2 emissions [tonnes per capita]"
"337",7,"Slovenia",100,100,100,100,100,100,"Sink","Consumption of HCFC in ODP per capita"
"338",8,"Slovenia",47.5125,47.5125,47.5125,47.5125,47.5125,60.48,"Sink","Proportion of surface water in good chemical status"
"339",9,"Slovenia",90.975,90.975,90.975,90.975,90.975,79.67,"Sink","Proportion of ground water in good chemical status"
"340",10,"Slovenia",76.2891883333333,76.2795691666667,76.3484475,76.2089766666667,76.2186808333333,76.4032725,"Life support","Terrestrial habitats in favourable conservation status"
"341",11,"Slovenia",73.001,71.0535,71.348,71.7755,71.9085,71.557,"Life support","Aquatic habitats in favourable conservation status"
"342",12,"Slovenia",44.7416666666667,42.1766666666667,43.2533333333333,45.4383333333333,33.7533333333333,33.7533333333333,"Human health and welfare","Concentrations of PM2.5"
"343",13,"Slovenia",96.1295385,97.2812235,98.4329085,99.525,99.525,99.525,"Human health and welfare","Drinking water contamination"
"344",14,"Slovenia",64.375,64.375,40.625,40.625,40.625,40.625,"Human health and welfare","status of world heritage sites"
"345",15,"Slovenia",60.1529937245218,59.8102006160456,57.8809361810787,58.1686534121573,56.8622316905677,57.328421471645,"14","SESI"
"346",1,"Spain",100,100,100,100,100,100,"Source","state of forest reccources"
"347",2,"Spain",58.3425,58.3425,60.0841635,60.0841635,60.0841635,60.0841635,"Source","Proportion of fish stocks not overexploited"
"348",3,"Spain",27.7493333333333,27.2426666666667,25.3046666666667,24.114,23.7846666666667,28.1166666666667,"Source","Surfacewater Stress"
"349",4,"Spain",100,100,100,100,100,100,"Source","Groundwater stress"
"350",5,"Spain",97.98125,97.98125,97.98125,97.98125,97.98125,97.98125,"Source","area with tolerable erosion"
"351",6,"Spain",5,5,5,5,5,5,"Sink","CO2 emissions [tonnes per capita]"
"352",7,"Spain",100,100,100,100,100,100,"Sink","Consumption of HCFC in ODP per capita"
"353",8,"Spain",62.0875441666667,62.0516458333333,61.9861391666667,61.959945,61.9192441666667,61.81502,"Life support","Terrestrial habitats in favourable conservation status"
"354",9,"Spain",71.633,69.1345,71.139,70.892,70.645,70.3885,"Life support","Aquatic habitats in favourable conservation status"
"355",10,"Spain",24.3483333333333,20.96,21.4983333333333,21.0866666666667,18.7433333333333,18.7433333333333,"Human health and welfare","Concentrations of PM2.5"
"356",11,"Spain",99.595357,99.597846,99.6003445,99.602862,99.605408,99.6079635,"Human health and welfare","Drinking water contamination"
"357",12,"Spain",43,43,38.25,38.25,38.25,38.25,"Human health and welfare","status of world heritage sites"
"358",13,"Spain",51.73729851761,50.8637981250523,50.4058666657015,50.1068161713058,49.5434821535648,50.2169587220245,"12","SESI"
"359",1,"Sweden",14.4685284,14.4685284,14.4685284,14.4685284,14.4685284,14.4685284,"Source","state of forest reccources"
"360",2,"Sweden",74.7965,74.7965,80.3445,80.3445,80.3445,80.3445,"Source","Proportion of fish stocks not overexploited"
"361",3,"Sweden",100,100,100,100,100,100,"Source","Surfacewater Stress"
"362",4,"Sweden",100,100,100,100,100,100,"Source","Groundwater stress"
"363",5,"Sweden",100,100,100,100,100,100,"Source","area with tolerable erosion"
"364",6,"Sweden",5,5,5,5,5,6.980101625,"Sink","CO2 emissions [tonnes per capita]"
"365",7,"Sweden",100,100,100,100,100,100,"Sink","Consumption of HCFC in ODP per capita"
"366",8,"Sweden",43.3325,43.3325,43.3325,43.3325,43.3325,46.61,"Sink","Proportion of surface water in good chemical status"
"367",9,"Sweden",97.815,97.815,97.815,97.815,97.815,97.72,"Sink","Proportion of ground water in good chemical status"
"368",10,"Sweden",100,100,100,100,100,100,"Life support","Terrestrial habitats in favourable conservation status"
"369",11,"Sweden",75.4235,74.8345,73.514,72.602,72.1365,72.5165,"Life support","Aquatic habitats in favourable conservation status"
"370",12,"Sweden",9.33833333333333,7.78666666666667,7.945,8.45166666666667,8.04,8.04,"Human health and welfare","Concentrations of PM2.5"
"371",13,"Sweden",99.7300955,99.748421,99.766319,99.7635735,99.7638965,99.76421,"Human health and welfare","Drinking water contamination"
"372",14,"Sweden",76.25,76.25,76.25,76.25,76.25,76.25,"Human health and welfare","status of world heritage sites"
"373",15,"Sweden",52.5614003652516,51.8552151669352,52.1302514371836,52.3141851598668,52.1039929494801,53.655613590062,"14","SESI"
"374",1,"United Kingdom",100,100,100,100,100,15.8402505,"Source","state of forest reccources"
"375",2,"United Kingdom",74.7965,74.7965,80.3445,80.3445,80.3445,80.3445,"Source","Proportion of fish stocks not overexploited"
"376",3,"United Kingdom",100,100,100,100,100,100,"Source","Surfacewater Stress"
"377",4,"United Kingdom",100,100,100,100,100,100,"Source","Groundwater stress"
"378",5,"United Kingdom",100,100,100,100,100,100,"Source","area with tolerable erosion"
"379",6,"United Kingdom",5,5,5,5,5,5,"Sink","CO2 emissions [tonnes per capita]"
"380",7,"United Kingdom",100,100,100,100,100,100,"Sink","Consumption of HCFC in ODP per capita"
"381",8,"United Kingdom",97.815,97.815,97.815,97.815,97.815,98.1,"Sink","Proportion of surface water in good chemical status"
"382",9,"United Kingdom",58.39,58.39,58.39,58.39,58.39,59.91,"Sink","Proportion of ground water in good chemical status"
"383",10,"United Kingdom",22.7115916666667,22.7714033333333,22.7856833333333,22.8565733333333,22.876945,22.7882758333333,"Life support","Terrestrial habitats in favourable conservation status"
"384",11,"United Kingdom",72.5925,73.229,75.072,74.255,72.4595,72.203,"Life support","Aquatic habitats in favourable conservation status"
"385",12,"United Kingdom",24.2533333333333,21.435,21.1183333333333,21.055,19.3133333333333,19.3133333333333,"Human health and welfare","Concentrations of PM2.5"
"386",13,"United Kingdom",99.875968,99.8611005,99.8462235,99.831356,99.831356,99.831356,"Human health and welfare","Drinking water contamination"
"387",14,"United Kingdom",47.75,47.75,47.75,47.75,47.75,52.5,"Human health and welfare","status of world heritage sites"
"388",15,"United Kingdom",57.2602028654988,56.8026590131056,57.1363489603168,57.0915202429409,56.6449897385146,50.0726391448178,"14","SESI"
