Country & Variable (Combined);Country;M49;Variables;Variable;Units;Symbol;Symbol Description;Units;Symbol;2015;2016;2017;2018;2019;2020
Afghanistan, Groundwater produced internally;Afghanistan;4;Groundwater produced internally;Groundwater produced internally (10^9 m3/year);10^9 m3/year;;Official value, data come from one national source (FAO questionnaire on water and agriculture, report, publication, official website, etc.);10^9 m3/year;;10.65;10.65;10.65;10.65;;
Afghanistan, Groundwater produced internally;Afghanistan;4;Groundwater produced internally;Groundwater produced internally (10^9 m3/year);10^9 m3/year;I;Imputed (carry forward, vertical imputation, linear interpolation);10^9 m3/year;I;;;;;10.65;10.65
Albania, Groundwater produced internally;Albania;8;Groundwater produced internally;Groundwater produced internally (10^9 m3/year);10^9 m3/year;;Official value, data come from one national source (FAO questionnaire on water and agriculture, report, publication, official website, etc.);10^9 m3/year;;6.2;6.2;6.2;6.2;;
Albania, Groundwater produced internally;Albania;8;Groundwater produced internally;Groundwater produced internally (10^9 m3/year);10^9 m3/year;I;Imputed (carry forward, vertical imputation, linear interpolation);10^9 m3/year;I;;;;;6.2;6.2
Algeria, Groundwater produced internally;Algeria;12;Groundwater produced internally;Groundwater produced internally (10^9 m3/year);10^9 m3/year;;Official value, data come from one national source (FAO questionnaire on water and agriculture, report, publication, official website, etc.);10^9 m3/year;;1.49;1.49;1.49;1.49;;
Algeria, Groundwater produced internally;Algeria;12;Groundwater produced internally;Groundwater produced internally (10^9 m3/year);10^9 m3/year;I;Imputed (carry forward, vertical imputation, linear interpolation);10^9 m3/year;I;;;;;1.49;1.49
Angola, Groundwater produced internally;Angola;24;Groundwater produced internally;Groundwater produced internally (10^9 m3/year);10^9 m3/year;;Official value, data come from one national source (FAO questionnaire on water and agriculture, report, publication, official website, etc.);10^9 m3/year;;58;58;58;58;;
Angola, Groundwater produced internally;Angola;24;Groundwater produced internally;Groundwater produced internally (10^9 m3/year);10^9 m3/year;I;Imputed (carry forward, vertical imputation, linear interpolation);10^9 m3/year;I;;;;;58;58
Argentina, Groundwater produced internally;Argentina;32;Groundwater produced internally;Groundwater produced internally (10^9 m3/year);10^9 m3/year;;Official value, data come from one national source (FAO questionnaire on water and agriculture, report, publication, official website, etc.);10^9 m3/year;;128;128;128;128;;
Argentina, Groundwater produced internally;Argentina;32;Groundwater produced internally;Groundwater produced internally (10^9 m3/year);10^9 m3/year;I;Imputed (carry forward, vertical imputation, linear interpolation);10^9 m3/year;I;;;;;128;128
Armenia, Groundwater produced internally;Armenia;51;Groundwater produced internally;Groundwater produced internally (10^9 m3/year);10^9 m3/year;;Official value, data come from one national source (FAO questionnaire on water and agriculture, report, publication, official website, etc.);10^9 m3/year;;4.31;4.31;4.31;4.31;;
Armenia, Groundwater produced internally;Armenia;51;Groundwater produced internally;Groundwater produced internally (10^9 m3/year);10^9 m3/year;I;Imputed (carry forward, vertical imputation, linear interpolation);10^9 m3/year;I;;;;;4.31;4.31
Australia, Groundwater produced internally;Australia;36;Groundwater produced internally;Groundwater produced internally (10^9 m3/year);10^9 m3/year;;Official value, data come from one national source (FAO questionnaire on water and agriculture, report, publication, official website, etc.);10^9 m3/year;;72;72;72;72;;
Australia, Groundwater produced internally;Australia;36;Groundwater produced internally;Groundwater produced internally (10^9 m3/year);10^9 m3/year;I;Imputed (carry forward, vertical imputation, linear interpolation);10^9 m3/year;I;;;;;72;72
Austria, Groundwater produced internally;Austria;40;Groundwater produced internally;Groundwater produced internally (10^9 m3/year);10^9 m3/year;;Official value, data come from one national source (FAO questionnaire on water and agriculture, report, publication, official website, etc.);10^9 m3/year;;6;6;6;6;;
Austria, Groundwater produced internally;Austria;40;Groundwater produced internally;Groundwater produced internally (10^9 m3/year);10^9 m3/year;I;Imputed (carry forward, vertical imputation, linear interpolation);10^9 m3/year;I;;;;;6;6
Azerbaijan, Groundwater produced internally;Azerbaijan;31;Groundwater produced internally;Groundwater produced internally (10^9 m3/year);10^9 m3/year;;Official value, data come from one national source (FAO questionnaire on water and agriculture, report, publication, official website, etc.);10^9 m3/year;;6.51;6.51;6.51;6.51;;
Azerbaijan, Groundwater produced internally;Azerbaijan;31;Groundwater produced internally;Groundwater produced internally (10^9 m3/year);10^9 m3/year;I;Imputed (carry forward, vertical imputation, linear interpolation);10^9 m3/year;I;;;;;6.51;6.51
Bahrain, Groundwater produced internally;Bahrain;48;Groundwater produced internally;Groundwater produced internally (10^9 m3/year);10^9 m3/year;;Official value, data come from one national source (FAO questionnaire on water and agriculture, report, publication, official website, etc.);10^9 m3/year;;0;0;0;0;;
Bahrain, Groundwater produced internally;Bahrain;48;Groundwater produced internally;Groundwater produced internally (10^9 m3/year);10^9 m3/year;I;Imputed (carry forward, vertical imputation, linear interpolation);10^9 m3/year;I;;;;;0;0
Bangladesh, Groundwater produced internally;Bangladesh;50;Groundwater produced internally;Groundwater produced internally (10^9 m3/year);10^9 m3/year;;Official value, data come from one national source (FAO questionnaire on water and agriculture, report, publication, official website, etc.);10^9 m3/year;;21.09;21.09;21.09;21.09;;
Bangladesh, Groundwater produced internally;Bangladesh;50;Groundwater produced internally;Groundwater produced internally (10^9 m3/year);10^9 m3/year;I;Imputed (carry forward, vertical imputation, linear interpolation);10^9 m3/year;I;;;;;21.09;21.09
Barbados, Groundwater produced internally;Barbados;52;Groundwater produced internally;Groundwater produced internally (10^9 m3/year);10^9 m3/year;;Official value, data come from one national source (FAO questionnaire on water and agriculture, report, publication, official website, etc.);10^9 m3/year;;0.07;0.07;0.07;0.07;;
Barbados, Groundwater produced internally;Barbados;52;Groundwater produced internally;Groundwater produced internally (10^9 m3/year);10^9 m3/year;I;Imputed (carry forward, vertical imputation, linear interpolation);10^9 m3/year;I;;;;;0.07;0.07
Belarus, Groundwater produced internally;Belarus;112;Groundwater produced internally;Groundwater produced internally (10^9 m3/year);10^9 m3/year;;Official value, data come from one national source (FAO questionnaire on water and agriculture, report, publication, official website, etc.);10^9 m3/year;;15.9;15.9;15.9;15.9;;
Belarus, Groundwater produced internally;Belarus;112;Groundwater produced internally;Groundwater produced internally (10^9 m3/year);10^9 m3/year;I;Imputed (carry forward, vertical imputation, linear interpolation);10^9 m3/year;I;;;;;15.9;15.9
Belgium, Groundwater produced internally;Belgium;56;Groundwater produced internally;Groundwater produced internally (10^9 m3/year);10^9 m3/year;;Official value, data come from one national source (FAO questionnaire on water and agriculture, report, publication, official website, etc.);10^9 m3/year;;0.9;0.9;0.9;0.9;;
Belgium, Groundwater produced internally;Belgium;56;Groundwater produced internally;Groundwater produced internally (10^9 m3/year);10^9 m3/year;I;Imputed (carry forward, vertical imputation, linear interpolation);10^9 m3/year;I;;;;;0.9;0.9
Belize, Groundwater produced internally;Belize;84;Groundwater produced internally;Groundwater produced internally (10^9 m3/year);10^9 m3/year;;Official value, data come from one national source (FAO questionnaire on water and agriculture, report, publication, official website, etc.);10^9 m3/year;;7.51;7.51;7.51;7.51;;
Belize, Groundwater produced internally;Belize;84;Groundwater produced internally;Groundwater produced internally (10^9 m3/year);10^9 m3/year;I;Imputed (carry forward, vertical imputation, linear interpolation);10^9 m3/year;I;;;;;7.51;7.51
Benin, Groundwater produced internally;Benin;204;Groundwater produced internally;Groundwater produced internally (10^9 m3/year);10^9 m3/year;;Official value, data come from one national source (FAO questionnaire on water and agriculture, report, publication, official website, etc.);10^9 m3/year;;1.8;1.8;1.8;1.8;;
Benin, Groundwater produced internally;Benin;204;Groundwater produced internally;Groundwater produced internally (10^9 m3/year);10^9 m3/year;I;Imputed (carry forward, vertical imputation, linear interpolation);10^9 m3/year;I;;;;;1.8;1.8
Bhutan, Groundwater produced internally;Bhutan;64;Groundwater produced internally;Groundwater produced internally (10^9 m3/year);10^9 m3/year;E;Estimate either calculated as sum or identify (yield) from official values or from an AQUASTAT estimation;10^9 m3/year;E;8.1;8.1;8.1;8.1;;
Bhutan, Groundwater produced internally;Bhutan;64;Groundwater produced internally;Groundwater produced internally (10^9 m3/year);10^9 m3/year;I;Imputed (carry forward, vertical imputation, linear interpolation);10^9 m3/year;I;;;;;8.1;8.1
Bolivia (Plurinational State of), Groundwater produced internally;Bolivia (Plurinational State of);68;Groundwater produced internally;Groundwater produced internally (10^9 m3/year);10^9 m3/year;;Official value, data come from one national source (FAO questionnaire on water and agriculture, report, publication, official website, etc.);10^9 m3/year;;130;130;130;130;;
Bolivia (Plurinational State of), Groundwater produced internally;Bolivia (Plurinational State of);68;Groundwater produced internally;Groundwater produced internally (10^9 m3/year);10^9 m3/year;I;Imputed (carry forward, vertical imputation, linear interpolation);10^9 m3/year;I;;;;;130;130
Bosnia and Herzegovina, Groundwater produced internally;Bosnia and Herzegovina;70;Groundwater produced internally;Groundwater produced internally (10^9 m3/year);10^9 m3/year;I;Imputed (carry forward, vertical imputation, linear interpolation);10^9 m3/year;I;;;;;11.57;11.57
Bosnia and Herzegovina, Groundwater produced internally;Bosnia and Herzegovina;70;Groundwater produced internally;Groundwater produced internally (10^9 m3/year);10^9 m3/year;X;External value (reported by FAOSTAT or another international agency);10^9 m3/year;X;11.57;11.57;11.57;11.57;;
Botswana, Groundwater produced internally;Botswana;72;Groundwater produced internally;Groundwater produced internally (10^9 m3/year);10^9 m3/year;;Official value, data come from one national source (FAO questionnaire on water and agriculture, report, publication, official website, etc.);10^9 m3/year;;1.7;1.7;1.7;1.7;;
Botswana, Groundwater produced internally;Botswana;72;Groundwater produced internally;Groundwater produced internally (10^9 m3/year);10^9 m3/year;I;Imputed (carry forward, vertical imputation, linear interpolation);10^9 m3/year;I;;;;;1.7;1.7
Brazil, Groundwater produced internally;Brazil;76;Groundwater produced internally;Groundwater produced internally (10^9 m3/year);10^9 m3/year;;Official value, data come from one national source (FAO questionnaire on water and agriculture, report, publication, official website, etc.);10^9 m3/year;;645.6;645.6;645.6;645.6;;
Brazil, Groundwater produced internally;Brazil;76;Groundwater produced internally;Groundwater produced internally (10^9 m3/year);10^9 m3/year;I;Imputed (carry forward, vertical imputation, linear interpolation);10^9 m3/year;I;;;;;645.6;645.6
Brunei Darussalam, Groundwater produced internally;Brunei Darussalam;96;Groundwater produced internally;Groundwater produced internally (10^9 m3/year);10^9 m3/year;;Official value, data come from one national source (FAO questionnaire on water and agriculture, report, publication, official website, etc.);10^9 m3/year;;0.1;0.1;0.1;0.1;;
Brunei Darussalam, Groundwater produced internally;Brunei Darussalam;96;Groundwater produced internally;Groundwater produced internally (10^9 m3/year);10^9 m3/year;I;Imputed (carry forward, vertical imputation, linear interpolation);10^9 m3/year;I;;;;;0.1;0.1
Bulgaria, Groundwater produced internally;Bulgaria;100;Groundwater produced internally;Groundwater produced internally (10^9 m3/year);10^9 m3/year;;Official value, data come from one national source (FAO questionnaire on water and agriculture, report, publication, official website, etc.);10^9 m3/year;;6.4;6.4;6.4;6.4;;
Bulgaria, Groundwater produced internally;Bulgaria;100;Groundwater produced internally;Groundwater produced internally (10^9 m3/year);10^9 m3/year;I;Imputed (carry forward, vertical imputation, linear interpolation);10^9 m3/year;I;;;;;6.4;6.4
Burkina Faso, Groundwater produced internally;Burkina Faso;854;Groundwater produced internally;Groundwater produced internally (10^9 m3/year);10^9 m3/year;;Official value, data come from one national source (FAO questionnaire on water and agriculture, report, publication, official website, etc.);10^9 m3/year;;9.5;9.5;9.5;9.5;;
Burkina Faso, Groundwater produced internally;Burkina Faso;854;Groundwater produced internally;Groundwater produced internally (10^9 m3/year);10^9 m3/year;I;Imputed (carry forward, vertical imputation, linear interpolation);10^9 m3/year;I;;;;;9.5;9.5
Burundi, Groundwater produced internally;Burundi;108;Groundwater produced internally;Groundwater produced internally (10^9 m3/year);10^9 m3/year;;Official value, data come from one national source (FAO questionnaire on water and agriculture, report, publication, official website, etc.);10^9 m3/year;;7.47;7.47;7.47;7.47;;
Burundi, Groundwater produced internally;Burundi;108;Groundwater produced internally;Groundwater produced internally (10^9 m3/year);10^9 m3/year;I;Imputed (carry forward, vertical imputation, linear interpolation);10^9 m3/year;I;;;;;7.47;7.47
Cabo Verde, Groundwater produced internally;Cabo Verde;132;Groundwater produced internally;Groundwater produced internally (10^9 m3/year);10^9 m3/year;;Official value, data come from one national source (FAO questionnaire on water and agriculture, report, publication, official website, etc.);10^9 m3/year;;0.12;0.12;0.12;0.12;;
Cabo Verde, Groundwater produced internally;Cabo Verde;132;Groundwater produced internally;Groundwater produced internally (10^9 m3/year);10^9 m3/year;I;Imputed (carry forward, vertical imputation, linear interpolation);10^9 m3/year;I;;;;;0.12;0.12
Cambodia, Groundwater produced internally;Cambodia;116;Groundwater produced internally;Groundwater produced internally (10^9 m3/year);10^9 m3/year;;Official value, data come from one national source (FAO questionnaire on water and agriculture, report, publication, official website, etc.);10^9 m3/year;;17.6;17.6;17.6;17.6;;
Cambodia, Groundwater produced internally;Cambodia;116;Groundwater produced internally;Groundwater produced internally (10^9 m3/year);10^9 m3/year;I;Imputed (carry forward, vertical imputation, linear interpolation);10^9 m3/year;I;;;;;17.6;17.6
Cameroon, Groundwater produced internally;Cameroon;120;Groundwater produced internally;Groundwater produced internally (10^9 m3/year);10^9 m3/year;;Official value, data come from one national source (FAO questionnaire on water and agriculture, report, publication, official website, etc.);10^9 m3/year;;100;100;100;100;;
Cameroon, Groundwater produced internally;Cameroon;120;Groundwater produced internally;Groundwater produced internally (10^9 m3/year);10^9 m3/year;I;Imputed (carry forward, vertical imputation, linear interpolation);10^9 m3/year;I;;;;;100;100
Canada, Groundwater produced internally;Canada;124;Groundwater produced internally;Groundwater produced internally (10^9 m3/year);10^9 m3/year;;Official value, data come from one national source (FAO questionnaire on water and agriculture, report, publication, official website, etc.);10^9 m3/year;;370;370;370;370;;
Canada, Groundwater produced internally;Canada;124;Groundwater produced internally;Groundwater produced internally (10^9 m3/year);10^9 m3/year;I;Imputed (carry forward, vertical imputation, linear interpolation);10^9 m3/year;I;;;;;370;370
Central African Republic, Groundwater produced internally;Central African Republic;140;Groundwater produced internally;Groundwater produced internally (10^9 m3/year);10^9 m3/year;;Official value, data come from one national source (FAO questionnaire on water and agriculture, report, publication, official website, etc.);10^9 m3/year;;56;56;56;56;;
Central African Republic, Groundwater produced internally;Central African Republic;140;Groundwater produced internally;Groundwater produced internally (10^9 m3/year);10^9 m3/year;I;Imputed (carry forward, vertical imputation, linear interpolation);10^9 m3/year;I;;;;;56;56
Chad, Groundwater produced internally;Chad;148;Groundwater produced internally;Groundwater produced internally (10^9 m3/year);10^9 m3/year;;Official value, data come from one national source (FAO questionnaire on water and agriculture, report, publication, official website, etc.);10^9 m3/year;;11.5;11.5;11.5;11.5;;
Chad, Groundwater produced internally;Chad;148;Groundwater produced internally;Groundwater produced internally (10^9 m3/year);10^9 m3/year;I;Imputed (carry forward, vertical imputation, linear interpolation);10^9 m3/year;I;;;;;11.5;11.5
Chile, Groundwater produced internally;Chile;152;Groundwater produced internally;Groundwater produced internally (10^9 m3/year);10^9 m3/year;;Official value, data come from one national source (FAO questionnaire on water and agriculture, report, publication, official website, etc.);10^9 m3/year;;140;140;140;140;;
Chile, Groundwater produced internally;Chile;152;Groundwater produced internally;Groundwater produced internally (10^9 m3/year);10^9 m3/year;I;Imputed (carry forward, vertical imputation, linear interpolation);10^9 m3/year;I;;;;;140;140
China, Groundwater produced internally;China;156;Groundwater produced internally;Groundwater produced internally (10^9 m3/year);10^9 m3/year;;Official value, data come from one national source (FAO questionnaire on water and agriculture, report, publication, official website, etc.);10^9 m3/year;;828.8;828.8;828.8;828.8;;
China, Groundwater produced internally;China;156;Groundwater produced internally;Groundwater produced internally (10^9 m3/year);10^9 m3/year;I;Imputed (carry forward, vertical imputation, linear interpolation);10^9 m3/year;I;;;;;828.8;828.8
Colombia, Groundwater produced internally;Colombia;170;Groundwater produced internally;Groundwater produced internally (10^9 m3/year);10^9 m3/year;;Official value, data come from one national source (FAO questionnaire on water and agriculture, report, publication, official website, etc.);10^9 m3/year;;510;510;510;510;;
Colombia, Groundwater produced internally;Colombia;170;Groundwater produced internally;Groundwater produced internally (10^9 m3/year);10^9 m3/year;I;Imputed (carry forward, vertical imputation, linear interpolation);10^9 m3/year;I;;;;;510;510
Comoros, Groundwater produced internally;Comoros;174;Groundwater produced internally;Groundwater produced internally (10^9 m3/year);10^9 m3/year;;Official value, data come from one national source (FAO questionnaire on water and agriculture, report, publication, official website, etc.);10^9 m3/year;;1;1;1;1;;
Comoros, Groundwater produced internally;Comoros;174;Groundwater produced internally;Groundwater produced internally (10^9 m3/year);10^9 m3/year;I;Imputed (carry forward, vertical imputation, linear interpolation);10^9 m3/year;I;;;;;1;1
Congo, Groundwater produced internally;Congo;178;Groundwater produced internally;Groundwater produced internally (10^9 m3/year);10^9 m3/year;;Official value, data come from one national source (FAO questionnaire on water and agriculture, report, publication, official website, etc.);10^9 m3/year;;122;122;122;122;;
Congo, Groundwater produced internally;Congo;178;Groundwater produced internally;Groundwater produced internally (10^9 m3/year);10^9 m3/year;I;Imputed (carry forward, vertical imputation, linear interpolation);10^9 m3/year;I;;;;;122;122
Costa Rica, Groundwater produced internally;Costa Rica;188;Groundwater produced internally;Groundwater produced internally (10^9 m3/year);10^9 m3/year;;Official value, data come from one national source (FAO questionnaire on water and agriculture, report, publication, official website, etc.);10^9 m3/year;;37.31;37.31;37.31;37.31;;
Costa Rica, Groundwater produced internally;Costa Rica;188;Groundwater produced internally;Groundwater produced internally (10^9 m3/year);10^9 m3/year;I;Imputed (carry forward, vertical imputation, linear interpolation);10^9 m3/year;I;;;;;37.31;37.31
Côte d'Ivoire, Groundwater produced internally;Côte d'Ivoire;384;Groundwater produced internally;Groundwater produced internally (10^9 m3/year);10^9 m3/year;;Official value, data come from one national source (FAO questionnaire on water and agriculture, report, publication, official website, etc.);10^9 m3/year;;37.84;37.84;37.84;37.84;;
Côte d'Ivoire, Groundwater produced internally;Côte d'Ivoire;384;Groundwater produced internally;Groundwater produced internally (10^9 m3/year);10^9 m3/year;I;Imputed (carry forward, vertical imputation, linear interpolation);10^9 m3/year;I;;;;;37.84;37.84
Croatia, Groundwater produced internally;Croatia;191;Groundwater produced internally;Groundwater produced internally (10^9 m3/year);10^9 m3/year;;Official value, data come from one national source (FAO questionnaire on water and agriculture, report, publication, official website, etc.);10^9 m3/year;;11;11;11;11;;
Croatia, Groundwater produced internally;Croatia;191;Groundwater produced internally;Groundwater produced internally (10^9 m3/year);10^9 m3/year;I;Imputed (carry forward, vertical imputation, linear interpolation);10^9 m3/year;I;;;;;11;11
Cuba, Groundwater produced internally;Cuba;192;Groundwater produced internally;Groundwater produced internally (10^9 m3/year);10^9 m3/year;;Official value, data come from one national source (FAO questionnaire on water and agriculture, report, publication, official website, etc.);10^9 m3/year;;6.48;6.48;6.48;6.48;;
Cuba, Groundwater produced internally;Cuba;192;Groundwater produced internally;Groundwater produced internally (10^9 m3/year);10^9 m3/year;I;Imputed (carry forward, vertical imputation, linear interpolation);10^9 m3/year;I;;;;;6.48;6.48
Cyprus, Groundwater produced internally;Cyprus;196;Groundwater produced internally;Groundwater produced internally (10^9 m3/year);10^9 m3/year;;Official value, data come from one national source (FAO questionnaire on water and agriculture, report, publication, official website, etc.);10^9 m3/year;;0.41;0.41;0.41;0.41;;
Cyprus, Groundwater produced internally;Cyprus;196;Groundwater produced internally;Groundwater produced internally (10^9 m3/year);10^9 m3/year;I;Imputed (carry forward, vertical imputation, linear interpolation);10^9 m3/year;I;;;;;0.41;0.41
Czechia, Groundwater produced internally;Czechia;203;Groundwater produced internally;Groundwater produced internally (10^9 m3/year);10^9 m3/year;;Official value, data come from one national source (FAO questionnaire on water and agriculture, report, publication, official website, etc.);10^9 m3/year;;1.43;1.43;1.43;1.43;;
Czechia, Groundwater produced internally;Czechia;203;Groundwater produced internally;Groundwater produced internally (10^9 m3/year);10^9 m3/year;I;Imputed (carry forward, vertical imputation, linear interpolation);10^9 m3/year;I;;;;;1.43;1.43
Democratic People's Republic of Korea, Groundwater produced internally;Democratic People's Republic of Korea;408;Groundwater produced internally;Groundwater produced internally (10^9 m3/year);10^9 m3/year;;Official value, data come from one national source (FAO questionnaire on water and agriculture, report, publication, official website, etc.);10^9 m3/year;;13;13;13;13;;
Democratic People's Republic of Korea, Groundwater produced internally;Democratic People's Republic of Korea;408;Groundwater produced internally;Groundwater produced internally (10^9 m3/year);10^9 m3/year;I;Imputed (carry forward, vertical imputation, linear interpolation);10^9 m3/year;I;;;;;13;13
Democratic Republic of the Congo, Groundwater produced internally;Democratic Republic of the Congo;180;Groundwater produced internally;Groundwater produced internally (10^9 m3/year);10^9 m3/year;;Official value, data come from one national source (FAO questionnaire on water and agriculture, report, publication, official website, etc.);10^9 m3/year;;421;421;421;421;;
Democratic Republic of the Congo, Groundwater produced internally;Democratic Republic of the Congo;180;Groundwater produced internally;Groundwater produced internally (10^9 m3/year);10^9 m3/year;I;Imputed (carry forward, vertical imputation, linear interpolation);10^9 m3/year;I;;;;;421;421
Denmark, Groundwater produced internally;Denmark;208;Groundwater produced internally;Groundwater produced internally (10^9 m3/year);10^9 m3/year;;Official value, data come from one national source (FAO questionnaire on water and agriculture, report, publication, official website, etc.);10^9 m3/year;;4.3;4.3;4.3;4.3;;
Denmark, Groundwater produced internally;Denmark;208;Groundwater produced internally;Groundwater produced internally (10^9 m3/year);10^9 m3/year;I;Imputed (carry forward, vertical imputation, linear interpolation);10^9 m3/year;I;;;;;4.3;4.3
Djibouti, Groundwater produced internally;Djibouti;262;Groundwater produced internally;Groundwater produced internally (10^9 m3/year);10^9 m3/year;;Official value, data come from one national source (FAO questionnaire on water and agriculture, report, publication, official website, etc.);10^9 m3/year;;0.02;0.02;0.02;0.02;;
Djibouti, Groundwater produced internally;Djibouti;262;Groundwater produced internally;Groundwater produced internally (10^9 m3/year);10^9 m3/year;I;Imputed (carry forward, vertical imputation, linear interpolation);10^9 m3/year;I;;;;;0.02;0.02
Dominican Republic, Groundwater produced internally;Dominican Republic;214;Groundwater produced internally;Groundwater produced internally (10^9 m3/year);10^9 m3/year;;Official value, data come from one national source (FAO questionnaire on water and agriculture, report, publication, official website, etc.);10^9 m3/year;;4.16;4.16;4.16;4.16;;
Dominican Republic, Groundwater produced internally;Dominican Republic;214;Groundwater produced internally;Groundwater produced internally (10^9 m3/year);10^9 m3/year;I;Imputed (carry forward, vertical imputation, linear interpolation);10^9 m3/year;I;;;;;4.16;4.16
Ecuador, Groundwater produced internally;Ecuador;218;Groundwater produced internally;Groundwater produced internally (10^9 m3/year);10^9 m3/year;;Official value, data come from one national source (FAO questionnaire on water and agriculture, report, publication, official website, etc.);10^9 m3/year;;134;134;134;134;;
Ecuador, Groundwater produced internally;Ecuador;218;Groundwater produced internally;Groundwater produced internally (10^9 m3/year);10^9 m3/year;I;Imputed (carry forward, vertical imputation, linear interpolation);10^9 m3/year;I;;;;;134;134
Egypt, Groundwater produced internally;Egypt;818;Groundwater produced internally;Groundwater produced internally (10^9 m3/year);10^9 m3/year;;Official value, data come from one national source (FAO questionnaire on water and agriculture, report, publication, official website, etc.);10^9 m3/year;;0.5;0.5;0.5;0.5;;
Egypt, Groundwater produced internally;Egypt;818;Groundwater produced internally;Groundwater produced internally (10^9 m3/year);10^9 m3/year;I;Imputed (carry forward, vertical imputation, linear interpolation);10^9 m3/year;I;;;;;0.5;0.5
El Salvador, Groundwater produced internally;El Salvador;222;Groundwater produced internally;Groundwater produced internally (10^9 m3/year);10^9 m3/year;;Official value, data come from one national source (FAO questionnaire on water and agriculture, report, publication, official website, etc.);10^9 m3/year;;6.15;6.15;6.15;6.15;;
El Salvador, Groundwater produced internally;El Salvador;222;Groundwater produced internally;Groundwater produced internally (10^9 m3/year);10^9 m3/year;I;Imputed (carry forward, vertical imputation, linear interpolation);10^9 m3/year;I;;;;;6.15;6.15
Equatorial Guinea, Groundwater produced internally;Equatorial Guinea;226;Groundwater produced internally;Groundwater produced internally (10^9 m3/year);10^9 m3/year;;Official value, data come from one national source (FAO questionnaire on water and agriculture, report, publication, official website, etc.);10^9 m3/year;;10;10;10;10;;
Equatorial Guinea, Groundwater produced internally;Equatorial Guinea;226;Groundwater produced internally;Groundwater produced internally (10^9 m3/year);10^9 m3/year;I;Imputed (carry forward, vertical imputation, linear interpolation);10^9 m3/year;I;;;;;10;10
Eritrea, Groundwater produced internally;Eritrea;232;Groundwater produced internally;Groundwater produced internally (10^9 m3/year);10^9 m3/year;E;Estimate either calculated as sum or identify (yield) from official values or from an AQUASTAT estimation;10^9 m3/year;E;0.5;0.5;0.5;0.5;;
Eritrea, Groundwater produced internally;Eritrea;232;Groundwater produced internally;Groundwater produced internally (10^9 m3/year);10^9 m3/year;I;Imputed (carry forward, vertical imputation, linear interpolation);10^9 m3/year;I;;;;;0.5;0.5
Estonia, Groundwater produced internally;Estonia;233;Groundwater produced internally;Groundwater produced internally (10^9 m3/year);10^9 m3/year;;Official value, data come from one national source (FAO questionnaire on water and agriculture, report, publication, official website, etc.);10^9 m3/year;;4;4;4;4;;
Estonia, Groundwater produced internally;Estonia;233;Groundwater produced internally;Groundwater produced internally (10^9 m3/year);10^9 m3/year;I;Imputed (carry forward, vertical imputation, linear interpolation);10^9 m3/year;I;;;;;4;4
Eswatini, Groundwater produced internally;Eswatini;748;Groundwater produced internally;Groundwater produced internally (10^9 m3/year);10^9 m3/year;;Official value, data come from one national source (FAO questionnaire on water and agriculture, report, publication, official website, etc.);10^9 m3/year;;0.66;0.66;0.66;0.66;;
Eswatini, Groundwater produced internally;Eswatini;748;Groundwater produced internally;Groundwater produced internally (10^9 m3/year);10^9 m3/year;I;Imputed (carry forward, vertical imputation, linear interpolation);10^9 m3/year;I;;;;;0.66;0.66
Ethiopia, Groundwater produced internally;Ethiopia;231;Groundwater produced internally;Groundwater produced internally (10^9 m3/year);10^9 m3/year;;Official value, data come from one national source (FAO questionnaire on water and agriculture, report, publication, official website, etc.);10^9 m3/year;;20;20;20;20;;
Ethiopia, Groundwater produced internally;Ethiopia;231;Groundwater produced internally;Groundwater produced internally (10^9 m3/year);10^9 m3/year;I;Imputed (carry forward, vertical imputation, linear interpolation);10^9 m3/year;I;;;;;20;20
Fiji, Groundwater produced internally;Fiji;242;Groundwater produced internally;Groundwater produced internally (10^9 m3/year);10^9 m3/year;I;Imputed (carry forward, vertical imputation, linear interpolation);10^9 m3/year;I;;;;;5.27;5.27
Fiji, Groundwater produced internally;Fiji;242;Groundwater produced internally;Groundwater produced internally (10^9 m3/year);10^9 m3/year;X;External value (reported by FAOSTAT or another international agency);10^9 m3/year;X;5.27;5.27;5.27;5.27;;
Finland, Groundwater produced internally;Finland;246;Groundwater produced internally;Groundwater produced internally (10^9 m3/year);10^9 m3/year;;Official value, data come from one national source (FAO questionnaire on water and agriculture, report, publication, official website, etc.);10^9 m3/year;;2.2;2.2;2.2;2.2;;
Finland, Groundwater produced internally;Finland;246;Groundwater produced internally;Groundwater produced internally (10^9 m3/year);10^9 m3/year;I;Imputed (carry forward, vertical imputation, linear interpolation);10^9 m3/year;I;;;;;2.2;2.2
France, Groundwater produced internally;France;250;Groundwater produced internally;Groundwater produced internally (10^9 m3/year);10^9 m3/year;;Official value, data come from one national source (FAO questionnaire on water and agriculture, report, publication, official website, etc.);10^9 m3/year;;120;120;120;120;;
France, Groundwater produced internally;France;250;Groundwater produced internally;Groundwater produced internally (10^9 m3/year);10^9 m3/year;I;Imputed (carry forward, vertical imputation, linear interpolation);10^9 m3/year;I;;;;;120;120
Gabon, Groundwater produced internally;Gabon;266;Groundwater produced internally;Groundwater produced internally (10^9 m3/year);10^9 m3/year;;Official value, data come from one national source (FAO questionnaire on water and agriculture, report, publication, official website, etc.);10^9 m3/year;;62;62;62;62;;
Gabon, Groundwater produced internally;Gabon;266;Groundwater produced internally;Groundwater produced internally (10^9 m3/year);10^9 m3/year;I;Imputed (carry forward, vertical imputation, linear interpolation);10^9 m3/year;I;;;;;62;62
Gambia, Groundwater produced internally;Gambia;270;Groundwater produced internally;Groundwater produced internally (10^9 m3/year);10^9 m3/year;;Official value, data come from one national source (FAO questionnaire on water and agriculture, report, publication, official website, etc.);10^9 m3/year;;0.5;0.5;0.5;0.5;;
Gambia, Groundwater produced internally;Gambia;270;Groundwater produced internally;Groundwater produced internally (10^9 m3/year);10^9 m3/year;I;Imputed (carry forward, vertical imputation, linear interpolation);10^9 m3/year;I;;;;;0.5;0.5
Georgia, Groundwater produced internally;Georgia;268;Groundwater produced internally;Groundwater produced internally (10^9 m3/year);10^9 m3/year;;Official value, data come from one national source (FAO questionnaire on water and agriculture, report, publication, official website, etc.);10^9 m3/year;;17.23;17.23;17.23;17.23;;
Georgia, Groundwater produced internally;Georgia;268;Groundwater produced internally;Groundwater produced internally (10^9 m3/year);10^9 m3/year;I;Imputed (carry forward, vertical imputation, linear interpolation);10^9 m3/year;I;;;;;17.23;17.23
Germany, Groundwater produced internally;Germany;276;Groundwater produced internally;Groundwater produced internally (10^9 m3/year);10^9 m3/year;;Official value, data come from one national source (FAO questionnaire on water and agriculture, report, publication, official website, etc.);10^9 m3/year;;45.7;45.7;45.7;45.7;;
Germany, Groundwater produced internally;Germany;276;Groundwater produced internally;Groundwater produced internally (10^9 m3/year);10^9 m3/year;I;Imputed (carry forward, vertical imputation, linear interpolation);10^9 m3/year;I;;;;;45.7;45.7
Ghana, Groundwater produced internally;Ghana;288;Groundwater produced internally;Groundwater produced internally (10^9 m3/year);10^9 m3/year;;Official value, data come from one national source (FAO questionnaire on water and agriculture, report, publication, official website, etc.);10^9 m3/year;;26.3;26.3;26.3;26.3;;
Ghana, Groundwater produced internally;Ghana;288;Groundwater produced internally;Groundwater produced internally (10^9 m3/year);10^9 m3/year;I;Imputed (carry forward, vertical imputation, linear interpolation);10^9 m3/year;I;;;;;26.3;26.3
Greece, Groundwater produced internally;Greece;300;Groundwater produced internally;Groundwater produced internally (10^9 m3/year);10^9 m3/year;;Official value, data come from one national source (FAO questionnaire on water and agriculture, report, publication, official website, etc.);10^9 m3/year;;10.3;10.3;10.3;10.3;;
Greece, Groundwater produced internally;Greece;300;Groundwater produced internally;Groundwater produced internally (10^9 m3/year);10^9 m3/year;I;Imputed (carry forward, vertical imputation, linear interpolation);10^9 m3/year;I;;;;;10.3;10.3
Guatemala, Groundwater produced internally;Guatemala;320;Groundwater produced internally;Groundwater produced internally (10^9 m3/year);10^9 m3/year;;Official value, data come from one national source (FAO questionnaire on water and agriculture, report, publication, official website, etc.);10^9 m3/year;;33.7;33.7;33.7;33.7;;
Guatemala, Groundwater produced internally;Guatemala;320;Groundwater produced internally;Groundwater produced internally (10^9 m3/year);10^9 m3/year;I;Imputed (carry forward, vertical imputation, linear interpolation);10^9 m3/year;I;;;;;33.7;33.7
Guinea, Groundwater produced internally;Guinea;324;Groundwater produced internally;Groundwater produced internally (10^9 m3/year);10^9 m3/year;;Official value, data come from one national source (FAO questionnaire on water and agriculture, report, publication, official website, etc.);10^9 m3/year;;38;38;38;38;;
Guinea, Groundwater produced internally;Guinea;324;Groundwater produced internally;Groundwater produced internally (10^9 m3/year);10^9 m3/year;I;Imputed (carry forward, vertical imputation, linear interpolation);10^9 m3/year;I;;;;;38;38
Guinea-Bissau, Groundwater produced internally;Guinea-Bissau;624;Groundwater produced internally;Groundwater produced internally (10^9 m3/year);10^9 m3/year;;Official value, data come from one national source (FAO questionnaire on water and agriculture, report, publication, official website, etc.);10^9 m3/year;;14;14;14;14;;
Guinea-Bissau, Groundwater produced internally;Guinea-Bissau;624;Groundwater produced internally;Groundwater produced internally (10^9 m3/year);10^9 m3/year;I;Imputed (carry forward, vertical imputation, linear interpolation);10^9 m3/year;I;;;;;14;14
Guyana, Groundwater produced internally;Guyana;328;Groundwater produced internally;Groundwater produced internally (10^9 m3/year);10^9 m3/year;;Official value, data come from one national source (FAO questionnaire on water and agriculture, report, publication, official website, etc.);10^9 m3/year;;103;103;103;103;;
Guyana, Groundwater produced internally;Guyana;328;Groundwater produced internally;Groundwater produced internally (10^9 m3/year);10^9 m3/year;I;Imputed (carry forward, vertical imputation, linear interpolation);10^9 m3/year;I;;;;;103;103
Haiti, Groundwater produced internally;Haiti;332;Groundwater produced internally;Groundwater produced internally (10^9 m3/year);10^9 m3/year;;Official value, data come from one national source (FAO questionnaire on water and agriculture, report, publication, official website, etc.);10^9 m3/year;;2.16;2.16;2.16;2.16;;
Haiti, Groundwater produced internally;Haiti;332;Groundwater produced internally;Groundwater produced internally (10^9 m3/year);10^9 m3/year;I;Imputed (carry forward, vertical imputation, linear interpolation);10^9 m3/year;I;;;;;2.16;2.16
Honduras, Groundwater produced internally;Honduras;340;Groundwater produced internally;Groundwater produced internally (10^9 m3/year);10^9 m3/year;;Official value, data come from one national source (FAO questionnaire on water and agriculture, report, publication, official website, etc.);10^9 m3/year;;39;39;39;39;;
Honduras, Groundwater produced internally;Honduras;340;Groundwater produced internally;Groundwater produced internally (10^9 m3/year);10^9 m3/year;I;Imputed (carry forward, vertical imputation, linear interpolation);10^9 m3/year;I;;;;;39;39
Hungary, Groundwater produced internally;Hungary;348;Groundwater produced internally;Groundwater produced internally (10^9 m3/year);10^9 m3/year;;Official value, data come from one national source (FAO questionnaire on water and agriculture, report, publication, official website, etc.);10^9 m3/year;;6;6;6;6;;
Hungary, Groundwater produced internally;Hungary;348;Groundwater produced internally;Groundwater produced internally (10^9 m3/year);10^9 m3/year;I;Imputed (carry forward, vertical imputation, linear interpolation);10^9 m3/year;I;;;;;6;6
Iceland, Groundwater produced internally;Iceland;352;Groundwater produced internally;Groundwater produced internally (10^9 m3/year);10^9 m3/year;;Official value, data come from one national source (FAO questionnaire on water and agriculture, report, publication, official website, etc.);10^9 m3/year;;24;24;24;24;;
Iceland, Groundwater produced internally;Iceland;352;Groundwater produced internally;Groundwater produced internally (10^9 m3/year);10^9 m3/year;I;Imputed (carry forward, vertical imputation, linear interpolation);10^9 m3/year;I;;;;;24;24
India, Groundwater produced internally;India;356;Groundwater produced internally;Groundwater produced internally (10^9 m3/year);10^9 m3/year;;Official value, data come from one national source (FAO questionnaire on water and agriculture, report, publication, official website, etc.);10^9 m3/year;;432;432;432;432;;
India, Groundwater produced internally;India;356;Groundwater produced internally;Groundwater produced internally (10^9 m3/year);10^9 m3/year;I;Imputed (carry forward, vertical imputation, linear interpolation);10^9 m3/year;I;;;;;432;432
Indonesia, Groundwater produced internally;Indonesia;360;Groundwater produced internally;Groundwater produced internally (10^9 m3/year);10^9 m3/year;;Official value, data come from one national source (FAO questionnaire on water and agriculture, report, publication, official website, etc.);10^9 m3/year;;457.4;457.4;457.4;457.4;;
Indonesia, Groundwater produced internally;Indonesia;360;Groundwater produced internally;Groundwater produced internally (10^9 m3/year);10^9 m3/year;I;Imputed (carry forward, vertical imputation, linear interpolation);10^9 m3/year;I;;;;;457.4;457.4
Iran (Islamic Republic of), Groundwater produced internally;Iran (Islamic Republic of);364;Groundwater produced internally;Groundwater produced internally (10^9 m3/year);10^9 m3/year;;Official value, data come from one national source (FAO questionnaire on water and agriculture, report, publication, official website, etc.);10^9 m3/year;;49.3;49.3;49.3;49.3;;
Iran (Islamic Republic of), Groundwater produced internally;Iran (Islamic Republic of);364;Groundwater produced internally;Groundwater produced internally (10^9 m3/year);10^9 m3/year;I;Imputed (carry forward, vertical imputation, linear interpolation);10^9 m3/year;I;;;;;49.3;49.3
Iraq, Groundwater produced internally;Iraq;368;Groundwater produced internally;Groundwater produced internally (10^9 m3/year);10^9 m3/year;;Official value, data come from one national source (FAO questionnaire on water and agriculture, report, publication, official website, etc.);10^9 m3/year;;3.2;3.2;3.2;3.2;;
Iraq, Groundwater produced internally;Iraq;368;Groundwater produced internally;Groundwater produced internally (10^9 m3/year);10^9 m3/year;I;Imputed (carry forward, vertical imputation, linear interpolation);10^9 m3/year;I;;;;;3.2;3.2
Ireland, Groundwater produced internally;Ireland;372;Groundwater produced internally;Groundwater produced internally (10^9 m3/year);10^9 m3/year;;Official value, data come from one national source (FAO questionnaire on water and agriculture, report, publication, official website, etc.);10^9 m3/year;;10.8;10.8;10.8;10.8;;
Ireland, Groundwater produced internally;Ireland;372;Groundwater produced internally;Groundwater produced internally (10^9 m3/year);10^9 m3/year;I;Imputed (carry forward, vertical imputation, linear interpolation);10^9 m3/year;I;;;;;10.8;10.8
Israel, Groundwater produced internally;Israel;376;Groundwater produced internally;Groundwater produced internally (10^9 m3/year);10^9 m3/year;;Official value, data come from one national source (FAO questionnaire on water and agriculture, report, publication, official website, etc.);10^9 m3/year;;0.5;0.5;0.5;0.5;;
Israel, Groundwater produced internally;Israel;376;Groundwater produced internally;Groundwater produced internally (10^9 m3/year);10^9 m3/year;I;Imputed (carry forward, vertical imputation, linear interpolation);10^9 m3/year;I;;;;;0.5;0.5
Italy, Groundwater produced internally;Italy;380;Groundwater produced internally;Groundwater produced internally (10^9 m3/year);10^9 m3/year;;Official value, data come from one national source (FAO questionnaire on water and agriculture, report, publication, official website, etc.);10^9 m3/year;;43;43;43;43;;
Italy, Groundwater produced internally;Italy;380;Groundwater produced internally;Groundwater produced internally (10^9 m3/year);10^9 m3/year;I;Imputed (carry forward, vertical imputation, linear interpolation);10^9 m3/year;I;;;;;43;43
Jamaica, Groundwater produced internally;Jamaica;388;Groundwater produced internally;Groundwater produced internally (10^9 m3/year);10^9 m3/year;;Official value, data come from one national source (FAO questionnaire on water and agriculture, report, publication, official website, etc.);10^9 m3/year;;5.47;5.47;5.47;5.47;;
Jamaica, Groundwater produced internally;Jamaica;388;Groundwater produced internally;Groundwater produced internally (10^9 m3/year);10^9 m3/year;I;Imputed (carry forward, vertical imputation, linear interpolation);10^9 m3/year;I;;;;;5.47;5.47
Japan, Groundwater produced internally;Japan;392;Groundwater produced internally;Groundwater produced internally (10^9 m3/year);10^9 m3/year;;Official value, data come from one national source (FAO questionnaire on water and agriculture, report, publication, official website, etc.);10^9 m3/year;;27;27;27;27;;
Japan, Groundwater produced internally;Japan;392;Groundwater produced internally;Groundwater produced internally (10^9 m3/year);10^9 m3/year;I;Imputed (carry forward, vertical imputation, linear interpolation);10^9 m3/year;I;;;;;27;27
Jordan, Groundwater produced internally;Jordan;400;Groundwater produced internally;Groundwater produced internally (10^9 m3/year);10^9 m3/year;;Official value, data come from one national source (FAO questionnaire on water and agriculture, report, publication, official website, etc.);10^9 m3/year;;0.45;0.45;0.45;0.45;;
Jordan, Groundwater produced internally;Jordan;400;Groundwater produced internally;Groundwater produced internally (10^9 m3/year);10^9 m3/year;I;Imputed (carry forward, vertical imputation, linear interpolation);10^9 m3/year;I;;;;;0.45;0.45
Kazakhstan, Groundwater produced internally;Kazakhstan;398;Groundwater produced internally;Groundwater produced internally (10^9 m3/year);10^9 m3/year;E;Estimate either calculated as sum or identify (yield) from official values or from an AQUASTAT estimation;10^9 m3/year;E;33.85;33.85;33.85;33.85;;
Kazakhstan, Groundwater produced internally;Kazakhstan;398;Groundwater produced internally;Groundwater produced internally (10^9 m3/year);10^9 m3/year;I;Imputed (carry forward, vertical imputation, linear interpolation);10^9 m3/year;I;;;;;33.85;33.85
Kenya, Groundwater produced internally;Kenya;404;Groundwater produced internally;Groundwater produced internally (10^9 m3/year);10^9 m3/year;;Official value, data come from one national source (FAO questionnaire on water and agriculture, report, publication, official website, etc.);10^9 m3/year;;3.5;3.5;3.5;3.5;;
Kenya, Groundwater produced internally;Kenya;404;Groundwater produced internally;Groundwater produced internally (10^9 m3/year);10^9 m3/year;I;Imputed (carry forward, vertical imputation, linear interpolation);10^9 m3/year;I;;;;;3.5;3.5
Kuwait, Groundwater produced internally;Kuwait;414;Groundwater produced internally;Groundwater produced internally (10^9 m3/year);10^9 m3/year;;Official value, data come from one national source (FAO questionnaire on water and agriculture, report, publication, official website, etc.);10^9 m3/year;;0;0;0;0;;
Kuwait, Groundwater produced internally;Kuwait;414;Groundwater produced internally;Groundwater produced internally (10^9 m3/year);10^9 m3/year;I;Imputed (carry forward, vertical imputation, linear interpolation);10^9 m3/year;I;;;;;0;0
Kyrgyzstan, Groundwater produced internally;Kyrgyzstan;417;Groundwater produced internally;Groundwater produced internally (10^9 m3/year);10^9 m3/year;;Official value, data come from one national source (FAO questionnaire on water and agriculture, report, publication, official website, etc.);10^9 m3/year;;13.69;13.69;13.69;13.69;;
Kyrgyzstan, Groundwater produced internally;Kyrgyzstan;417;Groundwater produced internally;Groundwater produced internally (10^9 m3/year);10^9 m3/year;I;Imputed (carry forward, vertical imputation, linear interpolation);10^9 m3/year;I;;;;;13.69;13.69
Lao People's Democratic Republic, Groundwater produced internally;Lao People's Democratic Republic;418;Groundwater produced internally;Groundwater produced internally (10^9 m3/year);10^9 m3/year;;Official value, data come from one national source (FAO questionnaire on water and agriculture, report, publication, official website, etc.);10^9 m3/year;;37.9;37.9;37.9;37.9;;
Lao People's Democratic Republic, Groundwater produced internally;Lao People's Democratic Republic;418;Groundwater produced internally;Groundwater produced internally (10^9 m3/year);10^9 m3/year;I;Imputed (carry forward, vertical imputation, linear interpolation);10^9 m3/year;I;;;;;37.9;37.9
Latvia, Groundwater produced internally;Latvia;428;Groundwater produced internally;Groundwater produced internally (10^9 m3/year);10^9 m3/year;;Official value, data come from one national source (FAO questionnaire on water and agriculture, report, publication, official website, etc.);10^9 m3/year;;4.7;4.7;4.7;4.7;;
Latvia, Groundwater produced internally;Latvia;428;Groundwater produced internally;Groundwater produced internally (10^9 m3/year);10^9 m3/year;I;Imputed (carry forward, vertical imputation, linear interpolation);10^9 m3/year;I;;;;;4.7;4.7
Lebanon, Groundwater produced internally;Lebanon;422;Groundwater produced internally;Groundwater produced internally (10^9 m3/year);10^9 m3/year;;Official value, data come from one national source (FAO questionnaire on water and agriculture, report, publication, official website, etc.);10^9 m3/year;;3.2;3.2;3.2;3.2;;
Lebanon, Groundwater produced internally;Lebanon;422;Groundwater produced internally;Groundwater produced internally (10^9 m3/year);10^9 m3/year;I;Imputed (carry forward, vertical imputation, linear interpolation);10^9 m3/year;I;;;;;3.2;3.2
Lesotho, Groundwater produced internally;Lesotho;426;Groundwater produced internally;Groundwater produced internally (10^9 m3/year);10^9 m3/year;;Official value, data come from one national source (FAO questionnaire on water and agriculture, report, publication, official website, etc.);10^9 m3/year;;0.5;0.5;0.5;0.5;;
Lesotho, Groundwater produced internally;Lesotho;426;Groundwater produced internally;Groundwater produced internally (10^9 m3/year);10^9 m3/year;I;Imputed (carry forward, vertical imputation, linear interpolation);10^9 m3/year;I;;;;;0.5;0.5
Liberia, Groundwater produced internally;Liberia;430;Groundwater produced internally;Groundwater produced internally (10^9 m3/year);10^9 m3/year;E;Estimate either calculated as sum or identify (yield) from official values or from an AQUASTAT estimation;10^9 m3/year;E;45;45;45;45;;
Liberia, Groundwater produced internally;Liberia;430;Groundwater produced internally;Groundwater produced internally (10^9 m3/year);10^9 m3/year;I;Imputed (carry forward, vertical imputation, linear interpolation);10^9 m3/year;I;;;;;45;45
Libya, Groundwater produced internally;Libya;434;Groundwater produced internally;Groundwater produced internally (10^9 m3/year);10^9 m3/year;E;Estimate either calculated as sum or identify (yield) from official values or from an AQUASTAT estimation;10^9 m3/year;E;0.6;0.6;0.6;0.6;;
Libya, Groundwater produced internally;Libya;434;Groundwater produced internally;Groundwater produced internally (10^9 m3/year);10^9 m3/year;I;Imputed (carry forward, vertical imputation, linear interpolation);10^9 m3/year;I;;;;;0.6;0.6
Lithuania, Groundwater produced internally;Lithuania;440;Groundwater produced internally;Groundwater produced internally (10^9 m3/year);10^9 m3/year;;Official value, data come from one national source (FAO questionnaire on water and agriculture, report, publication, official website, etc.);10^9 m3/year;;1.1;1.1;1.1;1.1;;
Lithuania, Groundwater produced internally;Lithuania;440;Groundwater produced internally;Groundwater produced internally (10^9 m3/year);10^9 m3/year;I;Imputed (carry forward, vertical imputation, linear interpolation);10^9 m3/year;I;;;;;1.1;1.1
Luxembourg, Groundwater produced internally;Luxembourg;442;Groundwater produced internally;Groundwater produced internally (10^9 m3/year);10^9 m3/year;;Official value, data come from one national source (FAO questionnaire on water and agriculture, report, publication, official website, etc.);10^9 m3/year;;0.08;0.08;0.08;0.08;;
Luxembourg, Groundwater produced internally;Luxembourg;442;Groundwater produced internally;Groundwater produced internally (10^9 m3/year);10^9 m3/year;I;Imputed (carry forward, vertical imputation, linear interpolation);10^9 m3/year;I;;;;;0.08;0.08
Madagascar, Groundwater produced internally;Madagascar;450;Groundwater produced internally;Groundwater produced internally (10^9 m3/year);10^9 m3/year;;Official value, data come from one national source (FAO questionnaire on water and agriculture, report, publication, official website, etc.);10^9 m3/year;;55;55;55;55;;
Madagascar, Groundwater produced internally;Madagascar;450;Groundwater produced internally;Groundwater produced internally (10^9 m3/year);10^9 m3/year;I;Imputed (carry forward, vertical imputation, linear interpolation);10^9 m3/year;I;;;;;55;55
Malawi, Groundwater produced internally;Malawi;454;Groundwater produced internally;Groundwater produced internally (10^9 m3/year);10^9 m3/year;E;Estimate either calculated as sum or identify (yield) from official values or from an AQUASTAT estimation;10^9 m3/year;E;2.5;2.5;2.5;2.5;;
Malawi, Groundwater produced internally;Malawi;454;Groundwater produced internally;Groundwater produced internally (10^9 m3/year);10^9 m3/year;I;Imputed (carry forward, vertical imputation, linear interpolation);10^9 m3/year;I;;;;;2.5;2.5
Malaysia, Groundwater produced internally;Malaysia;458;Groundwater produced internally;Groundwater produced internally (10^9 m3/year);10^9 m3/year;;Official value, data come from one national source (FAO questionnaire on water and agriculture, report, publication, official website, etc.);10^9 m3/year;;64;64;64;64;;
Malaysia, Groundwater produced internally;Malaysia;458;Groundwater produced internally;Groundwater produced internally (10^9 m3/year);10^9 m3/year;I;Imputed (carry forward, vertical imputation, linear interpolation);10^9 m3/year;I;;;;;64;64
Maldives, Groundwater produced internally;Maldives;462;Groundwater produced internally;Groundwater produced internally (10^9 m3/year);10^9 m3/year;;Official value, data come from one national source (FAO questionnaire on water and agriculture, report, publication, official website, etc.);10^9 m3/year;;0.03;0.03;0.03;0.03;;
Maldives, Groundwater produced internally;Maldives;462;Groundwater produced internally;Groundwater produced internally (10^9 m3/year);10^9 m3/year;I;Imputed (carry forward, vertical imputation, linear interpolation);10^9 m3/year;I;;;;;0.03;0.03
Mali, Groundwater produced internally;Mali;466;Groundwater produced internally;Groundwater produced internally (10^9 m3/year);10^9 m3/year;;Official value, data come from one national source (FAO questionnaire on water and agriculture, report, publication, official website, etc.);10^9 m3/year;;20;20;20;20;;
Mali, Groundwater produced internally;Mali;466;Groundwater produced internally;Groundwater produced internally (10^9 m3/year);10^9 m3/year;I;Imputed (carry forward, vertical imputation, linear interpolation);10^9 m3/year;I;;;;;20;20
Malta, Groundwater produced internally;Malta;470;Groundwater produced internally;Groundwater produced internally (10^9 m3/year);10^9 m3/year;;Official value, data come from one national source (FAO questionnaire on water and agriculture, report, publication, official website, etc.);10^9 m3/year;;0.05;0.05;0.05;0.05;;
Malta, Groundwater produced internally;Malta;470;Groundwater produced internally;Groundwater produced internally (10^9 m3/year);10^9 m3/year;I;Imputed (carry forward, vertical imputation, linear interpolation);10^9 m3/year;I;;;;;0.05;0.05
Mauritania, Groundwater produced internally;Mauritania;478;Groundwater produced internally;Groundwater produced internally (10^9 m3/year);10^9 m3/year;;Official value, data come from one national source (FAO questionnaire on water and agriculture, report, publication, official website, etc.);10^9 m3/year;;0.3;0.3;0.3;0.3;;
Mauritania, Groundwater produced internally;Mauritania;478;Groundwater produced internally;Groundwater produced internally (10^9 m3/year);10^9 m3/year;I;Imputed (carry forward, vertical imputation, linear interpolation);10^9 m3/year;I;;;;;0.3;0.3
Mauritius, Groundwater produced internally;Mauritius;480;Groundwater produced internally;Groundwater produced internally (10^9 m3/year);10^9 m3/year;;Official value, data come from one national source (FAO questionnaire on water and agriculture, report, publication, official website, etc.);10^9 m3/year;;0.89;0.89;0.89;0.89;;
Mauritius, Groundwater produced internally;Mauritius;480;Groundwater produced internally;Groundwater produced internally (10^9 m3/year);10^9 m3/year;I;Imputed (carry forward, vertical imputation, linear interpolation);10^9 m3/year;I;;;;;0.89;0.89
Mexico, Groundwater produced internally;Mexico;484;Groundwater produced internally;Groundwater produced internally (10^9 m3/year);10^9 m3/year;;Official value, data come from one national source (FAO questionnaire on water and agriculture, report, publication, official website, etc.);10^9 m3/year;;150;150;150;150;;
Mexico, Groundwater produced internally;Mexico;484;Groundwater produced internally;Groundwater produced internally (10^9 m3/year);10^9 m3/year;I;Imputed (carry forward, vertical imputation, linear interpolation);10^9 m3/year;I;;;;;150;150
Mongolia, Groundwater produced internally;Mongolia;496;Groundwater produced internally;Groundwater produced internally (10^9 m3/year);10^9 m3/year;;Official value, data come from one national source (FAO questionnaire on water and agriculture, report, publication, official website, etc.);10^9 m3/year;;6.1;6.1;6.1;6.1;;
Mongolia, Groundwater produced internally;Mongolia;496;Groundwater produced internally;Groundwater produced internally (10^9 m3/year);10^9 m3/year;I;Imputed (carry forward, vertical imputation, linear interpolation);10^9 m3/year;I;;;;;6.1;6.1
Morocco, Groundwater produced internally;Morocco;504;Groundwater produced internally;Groundwater produced internally (10^9 m3/year);10^9 m3/year;;Official value, data come from one national source (FAO questionnaire on water and agriculture, report, publication, official website, etc.);10^9 m3/year;;10;10;10;10;;
Morocco, Groundwater produced internally;Morocco;504;Groundwater produced internally;Groundwater produced internally (10^9 m3/year);10^9 m3/year;I;Imputed (carry forward, vertical imputation, linear interpolation);10^9 m3/year;I;;;;;10;10
Mozambique, Groundwater produced internally;Mozambique;508;Groundwater produced internally;Groundwater produced internally (10^9 m3/year);10^9 m3/year;;Official value, data come from one national source (FAO questionnaire on water and agriculture, report, publication, official website, etc.);10^9 m3/year;;17;17;17;17;;
Mozambique, Groundwater produced internally;Mozambique;508;Groundwater produced internally;Groundwater produced internally (10^9 m3/year);10^9 m3/year;I;Imputed (carry forward, vertical imputation, linear interpolation);10^9 m3/year;I;;;;;17;17
Myanmar, Groundwater produced internally;Myanmar;104;Groundwater produced internally;Groundwater produced internally (10^9 m3/year);10^9 m3/year;E;Estimate either calculated as sum or identify (yield) from official values or from an AQUASTAT estimation;10^9 m3/year;E;453.7;453.7;453.7;453.7;;
Myanmar, Groundwater produced internally;Myanmar;104;Groundwater produced internally;Groundwater produced internally (10^9 m3/year);10^9 m3/year;I;Imputed (carry forward, vertical imputation, linear interpolation);10^9 m3/year;I;;;;;453.7;453.7
Namibia, Groundwater produced internally;Namibia;516;Groundwater produced internally;Groundwater produced internally (10^9 m3/year);10^9 m3/year;;Official value, data come from one national source (FAO questionnaire on water and agriculture, report, publication, official website, etc.);10^9 m3/year;;2.1;2.1;2.1;2.1;;
Namibia, Groundwater produced internally;Namibia;516;Groundwater produced internally;Groundwater produced internally (10^9 m3/year);10^9 m3/year;I;Imputed (carry forward, vertical imputation, linear interpolation);10^9 m3/year;I;;;;;2.1;2.1
Nauru, Groundwater produced internally;Nauru;520;Groundwater produced internally;Groundwater produced internally (10^9 m3/year);10^9 m3/year;I;Imputed (carry forward, vertical imputation, linear interpolation);10^9 m3/year;I;;;;;0.01;0.01
Nauru, Groundwater produced internally;Nauru;520;Groundwater produced internally;Groundwater produced internally (10^9 m3/year);10^9 m3/year;X;External value (reported by FAOSTAT or another international agency);10^9 m3/year;X;0.01;0.01;0.01;0.01;;
Nepal, Groundwater produced internally;Nepal;524;Groundwater produced internally;Groundwater produced internally (10^9 m3/year);10^9 m3/year;;Official value, data come from one national source (FAO questionnaire on water and agriculture, report, publication, official website, etc.);10^9 m3/year;;20;20;20;20;;
Nepal, Groundwater produced internally;Nepal;524;Groundwater produced internally;Groundwater produced internally (10^9 m3/year);10^9 m3/year;I;Imputed (carry forward, vertical imputation, linear interpolation);10^9 m3/year;I;;;;;20;20
Netherlands (Kingdom of the), Groundwater produced internally;Netherlands (Kingdom of the);528;Groundwater produced internally;Groundwater produced internally (10^9 m3/year);10^9 m3/year;;Official value, data come from one national source (FAO questionnaire on water and agriculture, report, publication, official website, etc.);10^9 m3/year;;4.5;4.5;4.5;4.5;;
Netherlands (Kingdom of the), Groundwater produced internally;Netherlands (Kingdom of the);528;Groundwater produced internally;Groundwater produced internally (10^9 m3/year);10^9 m3/year;I;Imputed (carry forward, vertical imputation, linear interpolation);10^9 m3/year;I;;;;;4.5;4.5
Nicaragua, Groundwater produced internally;Nicaragua;558;Groundwater produced internally;Groundwater produced internally (10^9 m3/year);10^9 m3/year;;Official value, data come from one national source (FAO questionnaire on water and agriculture, report, publication, official website, etc.);10^9 m3/year;;59;59;59;59;;
Nicaragua, Groundwater produced internally;Nicaragua;558;Groundwater produced internally;Groundwater produced internally (10^9 m3/year);10^9 m3/year;I;Imputed (carry forward, vertical imputation, linear interpolation);10^9 m3/year;I;;;;;59;59
Niger, Groundwater produced internally;Niger;562;Groundwater produced internally;Groundwater produced internally (10^9 m3/year);10^9 m3/year;;Official value, data come from one national source (FAO questionnaire on water and agriculture, report, publication, official website, etc.);10^9 m3/year;;2.5;2.5;2.5;2.5;;
Niger, Groundwater produced internally;Niger;562;Groundwater produced internally;Groundwater produced internally (10^9 m3/year);10^9 m3/year;I;Imputed (carry forward, vertical imputation, linear interpolation);10^9 m3/year;I;;;;;2.5;2.5
Nigeria, Groundwater produced internally;Nigeria;566;Groundwater produced internally;Groundwater produced internally (10^9 m3/year);10^9 m3/year;;Official value, data come from one national source (FAO questionnaire on water and agriculture, report, publication, official website, etc.);10^9 m3/year;;87;87;87;87;;
Nigeria, Groundwater produced internally;Nigeria;566;Groundwater produced internally;Groundwater produced internally (10^9 m3/year);10^9 m3/year;I;Imputed (carry forward, vertical imputation, linear interpolation);10^9 m3/year;I;;;;;87;87
Norway, Groundwater produced internally;Norway;578;Groundwater produced internally;Groundwater produced internally (10^9 m3/year);10^9 m3/year;;Official value, data come from one national source (FAO questionnaire on water and agriculture, report, publication, official website, etc.);10^9 m3/year;;96;96;96;96;;
Norway, Groundwater produced internally;Norway;578;Groundwater produced internally;Groundwater produced internally (10^9 m3/year);10^9 m3/year;I;Imputed (carry forward, vertical imputation, linear interpolation);10^9 m3/year;I;;;;;96;96
Oman, Groundwater produced internally;Oman;512;Groundwater produced internally;Groundwater produced internally (10^9 m3/year);10^9 m3/year;;Official value, data come from one national source (FAO questionnaire on water and agriculture, report, publication, official website, etc.);10^9 m3/year;;1.3;1.3;1.3;1.3;;
Oman, Groundwater produced internally;Oman;512;Groundwater produced internally;Groundwater produced internally (10^9 m3/year);10^9 m3/year;I;Imputed (carry forward, vertical imputation, linear interpolation);10^9 m3/year;I;;;;;1.3;1.3
Pakistan, Groundwater produced internally;Pakistan;586;Groundwater produced internally;Groundwater produced internally (10^9 m3/year);10^9 m3/year;;Official value, data come from one national source (FAO questionnaire on water and agriculture, report, publication, official website, etc.);10^9 m3/year;;55;55;55;55;;
Pakistan, Groundwater produced internally;Pakistan;586;Groundwater produced internally;Groundwater produced internally (10^9 m3/year);10^9 m3/year;I;Imputed (carry forward, vertical imputation, linear interpolation);10^9 m3/year;I;;;;;55;55
Palestine, Groundwater produced internally;Palestine;275;Groundwater produced internally;Groundwater produced internally (10^9 m3/year);10^9 m3/year;;Official value, data come from one national source (FAO questionnaire on water and agriculture, report, publication, official website, etc.);10^9 m3/year;;0.74;0.74;0.74;0.74;;
Palestine, Groundwater produced internally;Palestine;275;Groundwater produced internally;Groundwater produced internally (10^9 m3/year);10^9 m3/year;I;Imputed (carry forward, vertical imputation, linear interpolation);10^9 m3/year;I;;;;;0.74;0.74
Panama, Groundwater produced internally;Panama;591;Groundwater produced internally;Groundwater produced internally (10^9 m3/year);10^9 m3/year;;Official value, data come from one national source (FAO questionnaire on water and agriculture, report, publication, official website, etc.);10^9 m3/year;;21;21;21;21;;
Panama, Groundwater produced internally;Panama;591;Groundwater produced internally;Groundwater produced internally (10^9 m3/year);10^9 m3/year;I;Imputed (carry forward, vertical imputation, linear interpolation);10^9 m3/year;I;;;;;21;21
Papua New Guinea, Groundwater produced internally;Papua New Guinea;598;Groundwater produced internally;Groundwater produced internally (10^9 m3/year);10^9 m3/year;I;Imputed (carry forward, vertical imputation, linear interpolation);10^9 m3/year;I;;;;;211.6;211.6
Papua New Guinea, Groundwater produced internally;Papua New Guinea;598;Groundwater produced internally;Groundwater produced internally (10^9 m3/year);10^9 m3/year;X;External value (reported by FAOSTAT or another international agency);10^9 m3/year;X;211.6;211.6;211.6;211.6;;
Paraguay, Groundwater produced internally;Paraguay;600;Groundwater produced internally;Groundwater produced internally (10^9 m3/year);10^9 m3/year;;Official value, data come from one national source (FAO questionnaire on water and agriculture, report, publication, official website, etc.);10^9 m3/year;;41.64;41.64;41.64;41.64;;
Paraguay, Groundwater produced internally;Paraguay;600;Groundwater produced internally;Groundwater produced internally (10^9 m3/year);10^9 m3/year;I;Imputed (carry forward, vertical imputation, linear interpolation);10^9 m3/year;I;;;;;41.64;41.64
Peru, Groundwater produced internally;Peru;604;Groundwater produced internally;Groundwater produced internally (10^9 m3/year);10^9 m3/year;;Official value, data come from one national source (FAO questionnaire on water and agriculture, report, publication, official website, etc.);10^9 m3/year;;303;303;303;303;;
Peru, Groundwater produced internally;Peru;604;Groundwater produced internally;Groundwater produced internally (10^9 m3/year);10^9 m3/year;I;Imputed (carry forward, vertical imputation, linear interpolation);10^9 m3/year;I;;;;;303;303
Philippines, Groundwater produced internally;Philippines;608;Groundwater produced internally;Groundwater produced internally (10^9 m3/year);10^9 m3/year;;Official value, data come from one national source (FAO questionnaire on water and agriculture, report, publication, official website, etc.);10^9 m3/year;;180;180;180;180;;
Philippines, Groundwater produced internally;Philippines;608;Groundwater produced internally;Groundwater produced internally (10^9 m3/year);10^9 m3/year;I;Imputed (carry forward, vertical imputation, linear interpolation);10^9 m3/year;I;;;;;180;180
Poland, Groundwater produced internally;Poland;616;Groundwater produced internally;Groundwater produced internally (10^9 m3/year);10^9 m3/year;;Official value, data come from one national source (FAO questionnaire on water and agriculture, report, publication, official website, etc.);10^9 m3/year;;12.5;12.5;12.5;12.5;;
Poland, Groundwater produced internally;Poland;616;Groundwater produced internally;Groundwater produced internally (10^9 m3/year);10^9 m3/year;I;Imputed (carry forward, vertical imputation, linear interpolation);10^9 m3/year;I;;;;;12.5;12.5
Portugal, Groundwater produced internally;Portugal;620;Groundwater produced internally;Groundwater produced internally (10^9 m3/year);10^9 m3/year;;Official value, data come from one national source (FAO questionnaire on water and agriculture, report, publication, official website, etc.);10^9 m3/year;;4;4;4;4;;
Portugal, Groundwater produced internally;Portugal;620;Groundwater produced internally;Groundwater produced internally (10^9 m3/year);10^9 m3/year;I;Imputed (carry forward, vertical imputation, linear interpolation);10^9 m3/year;I;;;;;4;4
Qatar, Groundwater produced internally;Qatar;634;Groundwater produced internally;Groundwater produced internally (10^9 m3/year);10^9 m3/year;;Official value, data come from one national source (FAO questionnaire on water and agriculture, report, publication, official website, etc.);10^9 m3/year;;0.06;0.06;0.06;0.06;;
Qatar, Groundwater produced internally;Qatar;634;Groundwater produced internally;Groundwater produced internally (10^9 m3/year);10^9 m3/year;I;Imputed (carry forward, vertical imputation, linear interpolation);10^9 m3/year;I;;;;;0.06;0.06
Republic of Korea, Groundwater produced internally;Republic of Korea;410;Groundwater produced internally;Groundwater produced internally (10^9 m3/year);10^9 m3/year;;Official value, data come from one national source (FAO questionnaire on water and agriculture, report, publication, official website, etc.);10^9 m3/year;;13.3;13.3;13.3;13.3;;
Republic of Korea, Groundwater produced internally;Republic of Korea;410;Groundwater produced internally;Groundwater produced internally (10^9 m3/year);10^9 m3/year;I;Imputed (carry forward, vertical imputation, linear interpolation);10^9 m3/year;I;;;;;13.3;13.3
Republic of Moldova, Groundwater produced internally;Republic of Moldova;498;Groundwater produced internally;Groundwater produced internally (10^9 m3/year);10^9 m3/year;;Official value, data come from one national source (FAO questionnaire on water and agriculture, report, publication, official website, etc.);10^9 m3/year;;1.3;1.3;1.3;1.3;;
Republic of Moldova, Groundwater produced internally;Republic of Moldova;498;Groundwater produced internally;Groundwater produced internally (10^9 m3/year);10^9 m3/year;I;Imputed (carry forward, vertical imputation, linear interpolation);10^9 m3/year;I;;;;;1.3;1.3
Romania, Groundwater produced internally;Romania;642;Groundwater produced internally;Groundwater produced internally (10^9 m3/year);10^9 m3/year;;Official value, data come from one national source (FAO questionnaire on water and agriculture, report, publication, official website, etc.);10^9 m3/year;;8.38;8.38;8.38;8.38;;
Romania, Groundwater produced internally;Romania;642;Groundwater produced internally;Groundwater produced internally (10^9 m3/year);10^9 m3/year;I;Imputed (carry forward, vertical imputation, linear interpolation);10^9 m3/year;I;;;;;8.38;8.38
Russian Federation, Groundwater produced internally;Russian Federation;643;Groundwater produced internally;Groundwater produced internally (10^9 m3/year);10^9 m3/year;;Official value, data come from one national source (FAO questionnaire on water and agriculture, report, publication, official website, etc.);10^9 m3/year;;788;788;788;788;;
Russian Federation, Groundwater produced internally;Russian Federation;643;Groundwater produced internally;Groundwater produced internally (10^9 m3/year);10^9 m3/year;I;Imputed (carry forward, vertical imputation, linear interpolation);10^9 m3/year;I;;;;;788;788
Rwanda, Groundwater produced internally;Rwanda;646;Groundwater produced internally;Groundwater produced internally (10^9 m3/year);10^9 m3/year;E;Estimate either calculated as sum or identify (yield) from official values or from an AQUASTAT estimation;10^9 m3/year;E;7;7;7;7;;
Rwanda, Groundwater produced internally;Rwanda;646;Groundwater produced internally;Groundwater produced internally (10^9 m3/year);10^9 m3/year;I;Imputed (carry forward, vertical imputation, linear interpolation);10^9 m3/year;I;;;;;7;7
Saint Kitts and Nevis, Groundwater produced internally;Saint Kitts and Nevis;659;Groundwater produced internally;Groundwater produced internally (10^9 m3/year);10^9 m3/year;;Official value, data come from one national source (FAO questionnaire on water and agriculture, report, publication, official website, etc.);10^9 m3/year;;0.02;0.02;0.02;0.02;;
Saint Kitts and Nevis, Groundwater produced internally;Saint Kitts and Nevis;659;Groundwater produced internally;Groundwater produced internally (10^9 m3/year);10^9 m3/year;I;Imputed (carry forward, vertical imputation, linear interpolation);10^9 m3/year;I;;;;;0.02;0.02
Saudi Arabia, Groundwater produced internally;Saudi Arabia;682;Groundwater produced internally;Groundwater produced internally (10^9 m3/year);10^9 m3/year;;Official value, data come from one national source (FAO questionnaire on water and agriculture, report, publication, official website, etc.);10^9 m3/year;;2.2;2.2;2.2;2.2;;
Saudi Arabia, Groundwater produced internally;Saudi Arabia;682;Groundwater produced internally;Groundwater produced internally (10^9 m3/year);10^9 m3/year;I;Imputed (carry forward, vertical imputation, linear interpolation);10^9 m3/year;I;;;;;2.2;2.2
Senegal, Groundwater produced internally;Senegal;686;Groundwater produced internally;Groundwater produced internally (10^9 m3/year);10^9 m3/year;;Official value, data come from one national source (FAO questionnaire on water and agriculture, report, publication, official website, etc.);10^9 m3/year;;3.5;3.5;3.5;3.5;;
Senegal, Groundwater produced internally;Senegal;686;Groundwater produced internally;Groundwater produced internally (10^9 m3/year);10^9 m3/year;I;Imputed (carry forward, vertical imputation, linear interpolation);10^9 m3/year;I;;;;;3.5;3.5
Sierra Leone, Groundwater produced internally;Sierra Leone;694;Groundwater produced internally;Groundwater produced internally (10^9 m3/year);10^9 m3/year;E;Estimate either calculated as sum or identify (yield) from official values or from an AQUASTAT estimation;10^9 m3/year;E;25;25;25;25;;
Sierra Leone, Groundwater produced internally;Sierra Leone;694;Groundwater produced internally;Groundwater produced internally (10^9 m3/year);10^9 m3/year;I;Imputed (carry forward, vertical imputation, linear interpolation);10^9 m3/year;I;;;;;25;25
Slovakia, Groundwater produced internally;Slovakia;703;Groundwater produced internally;Groundwater produced internally (10^9 m3/year);10^9 m3/year;;Official value, data come from one national source (FAO questionnaire on water and agriculture, report, publication, official website, etc.);10^9 m3/year;;1.73;1.73;1.73;1.73;;
Slovakia, Groundwater produced internally;Slovakia;703;Groundwater produced internally;Groundwater produced internally (10^9 m3/year);10^9 m3/year;I;Imputed (carry forward, vertical imputation, linear interpolation);10^9 m3/year;I;;;;;1.73;1.73
Slovenia, Groundwater produced internally;Slovenia;705;Groundwater produced internally;Groundwater produced internally (10^9 m3/year);10^9 m3/year;;Official value, data come from one national source (FAO questionnaire on water and agriculture, report, publication, official website, etc.);10^9 m3/year;;13.5;13.5;13.5;13.5;;
Slovenia, Groundwater produced internally;Slovenia;705;Groundwater produced internally;Groundwater produced internally (10^9 m3/year);10^9 m3/year;I;Imputed (carry forward, vertical imputation, linear interpolation);10^9 m3/year;I;;;;;13.5;13.5
Solomon Islands, Groundwater produced internally;Solomon Islands;90;Groundwater produced internally;Groundwater produced internally (10^9 m3/year);10^9 m3/year;I;Imputed (carry forward, vertical imputation, linear interpolation);10^9 m3/year;I;;;;;11.92;11.92
Solomon Islands, Groundwater produced internally;Solomon Islands;90;Groundwater produced internally;Groundwater produced internally (10^9 m3/year);10^9 m3/year;X;External value (reported by FAOSTAT or another international agency);10^9 m3/year;X;11.92;11.92;11.92;11.92;;
Somalia, Groundwater produced internally;Somalia;706;Groundwater produced internally;Groundwater produced internally (10^9 m3/year);10^9 m3/year;;Official value, data come from one national source (FAO questionnaire on water and agriculture, report, publication, official website, etc.);10^9 m3/year;;3.3;3.3;3.3;3.3;;
Somalia, Groundwater produced internally;Somalia;706;Groundwater produced internally;Groundwater produced internally (10^9 m3/year);10^9 m3/year;I;Imputed (carry forward, vertical imputation, linear interpolation);10^9 m3/year;I;;;;;3.3;3.3
South Africa, Groundwater produced internally;South Africa;710;Groundwater produced internally;Groundwater produced internally (10^9 m3/year);10^9 m3/year;;Official value, data come from one national source (FAO questionnaire on water and agriculture, report, publication, official website, etc.);10^9 m3/year;;4.8;4.8;4.8;4.8;;
South Africa, Groundwater produced internally;South Africa;710;Groundwater produced internally;Groundwater produced internally (10^9 m3/year);10^9 m3/year;I;Imputed (carry forward, vertical imputation, linear interpolation);10^9 m3/year;I;;;;;4.8;4.8
South Sudan, Groundwater produced internally;South Sudan;728;Groundwater produced internally;Groundwater produced internally (10^9 m3/year);10^9 m3/year;;Official value, data come from one national source (FAO questionnaire on water and agriculture, report, publication, official website, etc.);10^9 m3/year;;4;4;4;4;;
South Sudan, Groundwater produced internally;South Sudan;728;Groundwater produced internally;Groundwater produced internally (10^9 m3/year);10^9 m3/year;I;Imputed (carry forward, vertical imputation, linear interpolation);10^9 m3/year;I;;;;;4;4
Spain, Groundwater produced internally;Spain;724;Groundwater produced internally;Groundwater produced internally (10^9 m3/year);10^9 m3/year;;Official value, data come from one national source (FAO questionnaire on water and agriculture, report, publication, official website, etc.);10^9 m3/year;;29.9;29.9;29.9;29.9;;
Spain, Groundwater produced internally;Spain;724;Groundwater produced internally;Groundwater produced internally (10^9 m3/year);10^9 m3/year;I;Imputed (carry forward, vertical imputation, linear interpolation);10^9 m3/year;I;;;;;29.9;29.9
Sri Lanka, Groundwater produced internally;Sri Lanka;144;Groundwater produced internally;Groundwater produced internally (10^9 m3/year);10^9 m3/year;;Official value, data come from one national source (FAO questionnaire on water and agriculture, report, publication, official website, etc.);10^9 m3/year;;7.8;7.8;7.8;7.8;;
Sri Lanka, Groundwater produced internally;Sri Lanka;144;Groundwater produced internally;Groundwater produced internally (10^9 m3/year);10^9 m3/year;I;Imputed (carry forward, vertical imputation, linear interpolation);10^9 m3/year;I;;;;;7.8;7.8
Sudan, Groundwater produced internally;Sudan;729;Groundwater produced internally;Groundwater produced internally (10^9 m3/year);10^9 m3/year;;Official value, data come from one national source (FAO questionnaire on water and agriculture, report, publication, official website, etc.);10^9 m3/year;;3;3;3;3;;
Sudan, Groundwater produced internally;Sudan;729;Groundwater produced internally;Groundwater produced internally (10^9 m3/year);10^9 m3/year;I;Imputed (carry forward, vertical imputation, linear interpolation);10^9 m3/year;I;;;;;3;3
Suriname, Groundwater produced internally;Suriname;740;Groundwater produced internally;Groundwater produced internally (10^9 m3/year);10^9 m3/year;;Official value, data come from one national source (FAO questionnaire on water and agriculture, report, publication, official website, etc.);10^9 m3/year;;90;90;90;90;;
Suriname, Groundwater produced internally;Suriname;740;Groundwater produced internally;Groundwater produced internally (10^9 m3/year);10^9 m3/year;I;Imputed (carry forward, vertical imputation, linear interpolation);10^9 m3/year;I;;;;;90;90
Sweden, Groundwater produced internally;Sweden;752;Groundwater produced internally;Groundwater produced internally (10^9 m3/year);10^9 m3/year;;Official value, data come from one national source (FAO questionnaire on water and agriculture, report, publication, official website, etc.);10^9 m3/year;;20;20;20;20;;
Sweden, Groundwater produced internally;Sweden;752;Groundwater produced internally;Groundwater produced internally (10^9 m3/year);10^9 m3/year;I;Imputed (carry forward, vertical imputation, linear interpolation);10^9 m3/year;I;;;;;20;20
Switzerland, Groundwater produced internally;Switzerland;756;Groundwater produced internally;Groundwater produced internally (10^9 m3/year);10^9 m3/year;;Official value, data come from one national source (FAO questionnaire on water and agriculture, report, publication, official website, etc.);10^9 m3/year;;2.5;2.5;2.5;2.5;;
Switzerland, Groundwater produced internally;Switzerland;756;Groundwater produced internally;Groundwater produced internally (10^9 m3/year);10^9 m3/year;I;Imputed (carry forward, vertical imputation, linear interpolation);10^9 m3/year;I;;;;;2.5;2.5
Syrian Arab Republic, Groundwater produced internally;Syrian Arab Republic;760;Groundwater produced internally;Groundwater produced internally (10^9 m3/year);10^9 m3/year;;Official value, data come from one national source (FAO questionnaire on water and agriculture, report, publication, official website, etc.);10^9 m3/year;;4.84;4.84;4.84;4.84;;
Syrian Arab Republic, Groundwater produced internally;Syrian Arab Republic;760;Groundwater produced internally;Groundwater produced internally (10^9 m3/year);10^9 m3/year;I;Imputed (carry forward, vertical imputation, linear interpolation);10^9 m3/year;I;;;;;4.84;4.84
Tajikistan, Groundwater produced internally;Tajikistan;762;Groundwater produced internally;Groundwater produced internally (10^9 m3/year);10^9 m3/year;;Official value, data come from one national source (FAO questionnaire on water and agriculture, report, publication, official website, etc.);10^9 m3/year;;6;6;6;6;;
Tajikistan, Groundwater produced internally;Tajikistan;762;Groundwater produced internally;Groundwater produced internally (10^9 m3/year);10^9 m3/year;I;Imputed (carry forward, vertical imputation, linear interpolation);10^9 m3/year;I;;;;;6;6
Thailand, Groundwater produced internally;Thailand;764;Groundwater produced internally;Groundwater produced internally (10^9 m3/year);10^9 m3/year;;Official value, data come from one national source (FAO questionnaire on water and agriculture, report, publication, official website, etc.);10^9 m3/year;;41.9;41.9;41.9;41.9;;
Thailand, Groundwater produced internally;Thailand;764;Groundwater produced internally;Groundwater produced internally (10^9 m3/year);10^9 m3/year;I;Imputed (carry forward, vertical imputation, linear interpolation);10^9 m3/year;I;;;;;41.9;41.9
Timor-Leste, Groundwater produced internally;Timor-Leste;626;Groundwater produced internally;Groundwater produced internally (10^9 m3/year);10^9 m3/year;;Official value, data come from one national source (FAO questionnaire on water and agriculture, report, publication, official website, etc.);10^9 m3/year;;0.89;0.89;0.89;0.89;;
Timor-Leste, Groundwater produced internally;Timor-Leste;626;Groundwater produced internally;Groundwater produced internally (10^9 m3/year);10^9 m3/year;I;Imputed (carry forward, vertical imputation, linear interpolation);10^9 m3/year;I;;;;;0.89;0.89
Togo, Groundwater produced internally;Togo;768;Groundwater produced internally;Groundwater produced internally (10^9 m3/year);10^9 m3/year;;Official value, data come from one national source (FAO questionnaire on water and agriculture, report, publication, official website, etc.);10^9 m3/year;;5.7;5.7;5.7;5.7;;
Togo, Groundwater produced internally;Togo;768;Groundwater produced internally;Groundwater produced internally (10^9 m3/year);10^9 m3/year;I;Imputed (carry forward, vertical imputation, linear interpolation);10^9 m3/year;I;;;;;5.7;5.7
Trinidad and Tobago, Groundwater produced internally;Trinidad and Tobago;780;Groundwater produced internally;Groundwater produced internally (10^9 m3/year);10^9 m3/year;;Official value, data come from one national source (FAO questionnaire on water and agriculture, report, publication, official website, etc.);10^9 m3/year;;0.61;0.61;0.61;0.61;;
Trinidad and Tobago, Groundwater produced internally;Trinidad and Tobago;780;Groundwater produced internally;Groundwater produced internally (10^9 m3/year);10^9 m3/year;I;Imputed (carry forward, vertical imputation, linear interpolation);10^9 m3/year;I;;;;;0.61;0.61
Tunisia, Groundwater produced internally;Tunisia;788;Groundwater produced internally;Groundwater produced internally (10^9 m3/year);10^9 m3/year;;Official value, data come from one national source (FAO questionnaire on water and agriculture, report, publication, official website, etc.);10^9 m3/year;;1.5;1.5;1.5;1.5;;
Tunisia, Groundwater produced internally;Tunisia;788;Groundwater produced internally;Groundwater produced internally (10^9 m3/year);10^9 m3/year;I;Imputed (carry forward, vertical imputation, linear interpolation);10^9 m3/year;I;;;;;1.5;1.5
Türkiye, Groundwater produced internally;Türkiye;792;Groundwater produced internally;Groundwater produced internally (10^9 m3/year);10^9 m3/year;;Official value, data come from one national source (FAO questionnaire on water and agriculture, report, publication, official website, etc.);10^9 m3/year;;69;69;69;69;;
Türkiye, Groundwater produced internally;Türkiye;792;Groundwater produced internally;Groundwater produced internally (10^9 m3/year);10^9 m3/year;I;Imputed (carry forward, vertical imputation, linear interpolation);10^9 m3/year;I;;;;;69;69
Turkmenistan, Groundwater produced internally;Turkmenistan;795;Groundwater produced internally;Groundwater produced internally (10^9 m3/year);10^9 m3/year;E;Estimate either calculated as sum or identify (yield) from official values or from an AQUASTAT estimation;10^9 m3/year;E;0.41;0.41;0.41;0.41;;
Turkmenistan, Groundwater produced internally;Turkmenistan;795;Groundwater produced internally;Groundwater produced internally (10^9 m3/year);10^9 m3/year;I;Imputed (carry forward, vertical imputation, linear interpolation);10^9 m3/year;I;;;;;0.41;0.41
Uganda, Groundwater produced internally;Uganda;800;Groundwater produced internally;Groundwater produced internally (10^9 m3/year);10^9 m3/year;;Official value, data come from one national source (FAO questionnaire on water and agriculture, report, publication, official website, etc.);10^9 m3/year;;29;29;29;29;;
Uganda, Groundwater produced internally;Uganda;800;Groundwater produced internally;Groundwater produced internally (10^9 m3/year);10^9 m3/year;I;Imputed (carry forward, vertical imputation, linear interpolation);10^9 m3/year;I;;;;;29;29
Ukraine, Groundwater produced internally;Ukraine;804;Groundwater produced internally;Groundwater produced internally (10^9 m3/year);10^9 m3/year;;Official value, data come from one national source (FAO questionnaire on water and agriculture, report, publication, official website, etc.);10^9 m3/year;;22;22;22;22;;
Ukraine, Groundwater produced internally;Ukraine;804;Groundwater produced internally;Groundwater produced internally (10^9 m3/year);10^9 m3/year;I;Imputed (carry forward, vertical imputation, linear interpolation);10^9 m3/year;I;;;;;22;22
United Arab Emirates, Groundwater produced internally;United Arab Emirates;784;Groundwater produced internally;Groundwater produced internally (10^9 m3/year);10^9 m3/year;;Official value, data come from one national source (FAO questionnaire on water and agriculture, report, publication, official website, etc.);10^9 m3/year;;0.12;0.12;0.12;0.12;;
United Arab Emirates, Groundwater produced internally;United Arab Emirates;784;Groundwater produced internally;Groundwater produced internally (10^9 m3/year);10^9 m3/year;I;Imputed (carry forward, vertical imputation, linear interpolation);10^9 m3/year;I;;;;;0.12;0.12
United Kingdom of Great Britain and Northern Ireland, Groundwater produced internally;United Kingdom of Great Britain and Northern Ireland;826;Groundwater produced internally;Groundwater produced internally (10^9 m3/year);10^9 m3/year;;Official value, data come from one national source (FAO questionnaire on water and agriculture, report, publication, official website, etc.);10^9 m3/year;;9.8;9.8;9.8;9.8;;
United Kingdom of Great Britain and Northern Ireland, Groundwater produced internally;United Kingdom of Great Britain and Northern Ireland;826;Groundwater produced internally;Groundwater produced internally (10^9 m3/year);10^9 m3/year;I;Imputed (carry forward, vertical imputation, linear interpolation);10^9 m3/year;I;;;;;9.8;9.8
United Republic of Tanzania, Groundwater produced internally;United Republic of Tanzania;834;Groundwater produced internally;Groundwater produced internally (10^9 m3/year);10^9 m3/year;;Official value, data come from one national source (FAO questionnaire on water and agriculture, report, publication, official website, etc.);10^9 m3/year;;30;30;30;30;;
United Republic of Tanzania, Groundwater produced internally;United Republic of Tanzania;834;Groundwater produced internally;Groundwater produced internally (10^9 m3/year);10^9 m3/year;I;Imputed (carry forward, vertical imputation, linear interpolation);10^9 m3/year;I;;;;;30;30
United States of America, Groundwater produced internally;United States of America;840;Groundwater produced internally;Groundwater produced internally (10^9 m3/year);10^9 m3/year;;Official value, data come from one national source (FAO questionnaire on water and agriculture, report, publication, official website, etc.);10^9 m3/year;;1383.00;1383.00;1383.00;1383.00;;
United States of America, Groundwater produced internally;United States of America;840;Groundwater produced internally;Groundwater produced internally (10^9 m3/year);10^9 m3/year;I;Imputed (carry forward, vertical imputation, linear interpolation);10^9 m3/year;I;;;;;1383.00;1383.00
Uruguay, Groundwater produced internally;Uruguay;858;Groundwater produced internally;Groundwater produced internally (10^9 m3/year);10^9 m3/year;;Official value, data come from one national source (FAO questionnaire on water and agriculture, report, publication, official website, etc.);10^9 m3/year;;22.9;22.9;22.9;22.9;;
Uruguay, Groundwater produced internally;Uruguay;858;Groundwater produced internally;Groundwater produced internally (10^9 m3/year);10^9 m3/year;I;Imputed (carry forward, vertical imputation, linear interpolation);10^9 m3/year;I;;;;;22.9;22.9
Uzbekistan, Groundwater produced internally;Uzbekistan;860;Groundwater produced internally;Groundwater produced internally (10^9 m3/year);10^9 m3/year;;Official value, data come from one national source (FAO questionnaire on water and agriculture, report, publication, official website, etc.);10^9 m3/year;;8.8;8.8;8.8;8.8;;
Uzbekistan, Groundwater produced internally;Uzbekistan;860;Groundwater produced internally;Groundwater produced internally (10^9 m3/year);10^9 m3/year;I;Imputed (carry forward, vertical imputation, linear interpolation);10^9 m3/year;I;;;;;8.8;8.8
Vanuatu, Groundwater produced internally;Vanuatu;548;Groundwater produced internally;Groundwater produced internally (10^9 m3/year);10^9 m3/year;;Official value, data come from one national source (FAO questionnaire on water and agriculture, report, publication, official website, etc.);10^9 m3/year;;4.38;4.38;4.38;4.38;;
Vanuatu, Groundwater produced internally;Vanuatu;548;Groundwater produced internally;Groundwater produced internally (10^9 m3/year);10^9 m3/year;I;Imputed (carry forward, vertical imputation, linear interpolation);10^9 m3/year;I;;;;;4.38;4.38
Venezuela (Bolivarian Republic of), Groundwater produced internally;Venezuela (Bolivarian Republic of);862;Groundwater produced internally;Groundwater produced internally (10^9 m3/year);10^9 m3/year;;Official value, data come from one national source (FAO questionnaire on water and agriculture, report, publication, official website, etc.);10^9 m3/year;;227;227;227;227;;
Venezuela (Bolivarian Republic of), Groundwater produced internally;Venezuela (Bolivarian Republic of);862;Groundwater produced internally;Groundwater produced internally (10^9 m3/year);10^9 m3/year;I;Imputed (carry forward, vertical imputation, linear interpolation);10^9 m3/year;I;;;;;227;227
Viet Nam, Groundwater produced internally;Viet Nam;704;Groundwater produced internally;Groundwater produced internally (10^9 m3/year);10^9 m3/year;;Official value, data come from one national source (FAO questionnaire on water and agriculture, report, publication, official website, etc.);10^9 m3/year;;71.42;71.42;71.42;71.42;;
Viet Nam, Groundwater produced internally;Viet Nam;704;Groundwater produced internally;Groundwater produced internally (10^9 m3/year);10^9 m3/year;I;Imputed (carry forward, vertical imputation, linear interpolation);10^9 m3/year;I;;;;;71.42;71.42
Yemen, Groundwater produced internally;Yemen;887;Groundwater produced internally;Groundwater produced internally (10^9 m3/year);10^9 m3/year;;Official value, data come from one national source (FAO questionnaire on water and agriculture, report, publication, official website, etc.);10^9 m3/year;;1.5;1.5;1.5;1.5;;
Yemen, Groundwater produced internally;Yemen;887;Groundwater produced internally;Groundwater produced internally (10^9 m3/year);10^9 m3/year;I;Imputed (carry forward, vertical imputation, linear interpolation);10^9 m3/year;I;;;;;1.5;1.5
Zambia, Groundwater produced internally;Zambia;894;Groundwater produced internally;Groundwater produced internally (10^9 m3/year);10^9 m3/year;;Official value, data come from one national source (FAO questionnaire on water and agriculture, report, publication, official website, etc.);10^9 m3/year;;47;47;47;47;;
Zambia, Groundwater produced internally;Zambia;894;Groundwater produced internally;Groundwater produced internally (10^9 m3/year);10^9 m3/year;I;Imputed (carry forward, vertical imputation, linear interpolation);10^9 m3/year;I;;;;;47;47
Zimbabwe, Groundwater produced internally;Zimbabwe;716;Groundwater produced internally;Groundwater produced internally (10^9 m3/year);10^9 m3/year;;Official value, data come from one national source (FAO questionnaire on water and agriculture, report, publication, official website, etc.);10^9 m3/year;;6;6;6;6;;
Zimbabwe, Groundwater produced internally;Zimbabwe;716;Groundwater produced internally;Groundwater produced internally (10^9 m3/year);10^9 m3/year;I;Imputed (carry forward, vertical imputation, linear interpolation);10^9 m3/year;I;;;;;6;6
